product,year,dataset,status,issue_type,db_available,recommended_next_task
a,2020,contract_universe,metadata_gap,missing_contract_universe,True,target_coverage_gap_triage
a,2020,continuous_contract_map,metadata_gap,missing_continuous_contract_map,True,target_coverage_gap_triage
a,2021,contract_universe,metadata_gap,missing_contract_universe,True,target_coverage_gap_triage
a,2021,continuous_contract_map,metadata_gap,missing_continuous_contract_map,True,target_coverage_gap_triage
a,2022,contract_universe,metadata_gap,missing_contract_universe,True,target_coverage_gap_triage
a,2022,continuous_contract_map,metadata_gap,missing_continuous_contract_map,True,target_coverage_gap_triage
a,2023,contract_universe,metadata_gap,missing_contract_universe,True,target_coverage_gap_triage
a,2023,continuous_contract_map,metadata_gap,missing_continuous_contract_map,True,target_coverage_gap_triage
a,2024,continuous_contract_map,metadata_gap,missing_continuous_contract_map,True,target_coverage_gap_triage
a,2025,continuous_contract_map,metadata_gap,missing_continuous_contract_map,True,target_coverage_gap_triage
a,2026,continuous_contract_map,metadata_gap,missing_continuous_contract_map,True,target_coverage_gap_triage
ad,2025,continuous_contract_map,metadata_gap,missing_continuous_contract_map,True,target_coverage_gap_triage
ad,2026,continuous_contract_map,metadata_gap,missing_continuous_contract_map,True,target_coverage_gap_triage
ag,2020,contract_universe,metadata_gap,missing_contract_universe,True,target_coverage_gap_triage
ag,2020,continuous_contract_map,metadata_gap,missing_continuous_contract_map,True,target_coverage_gap_triage
ag,2021,contract_universe,metadata_gap,missing_contract_universe,True,target_coverage_gap_triage
ag,2021,continuous_contract_map,metadata_gap,missing_continuous_contract_map,True,target_coverage_gap_triage
ag,2022,contract_universe,metadata_gap,missing_contract_universe,True,target_coverage_gap_triage
ag,2022,continuous_contract_map,metadata_gap,missing_continuous_contract_map,True,target_coverage_gap_triage
ag,2023,contract_universe,metadata_gap,missing_contract_universe,True,target_coverage_gap_triage
ag,2023,continuous_contract_map,metadata_gap,missing_continuous_contract_map,True,target_coverage_gap_triage
ag,2024,continuous_contract_map,metadata_gap,missing_continuous_contract_map,True,target_coverage_gap_triage
ag,2025,continuous_contract_map,metadata_gap,missing_continuous_contract_map,True,target_coverage_gap_triage
ag,2026,continuous_contract_map,metadata_gap,missing_continuous_contract_map,True,target_coverage_gap_triage
al,2020,contract_universe,metadata_gap,missing_contract_universe,True,target_coverage_gap_triage
al,2020,continuous_contract_map,metadata_gap,missing_continuous_contract_map,True,target_coverage_gap_triage
al,2021,contract_universe,metadata_gap,missing_contract_universe,True,target_coverage_gap_triage
al,2021,continuous_contract_map,metadata_gap,missing_continuous_contract_map,True,target_coverage_gap_triage
al,2022,contract_universe,metadata_gap,missing_contract_universe,True,target_coverage_gap_triage
al,2022,continuous_contract_map,metadata_gap,missing_continuous_contract_map,True,target_coverage_gap_triage
al,2023,contract_universe,metadata_gap,missing_contract_universe,True,target_coverage_gap_triage
al,2023,continuous_contract_map,metadata_gap,missing_continuous_contract_map,True,target_coverage_gap_triage
al,2024,continuous_contract_map,metadata_gap,missing_continuous_contract_map,True,target_coverage_gap_triage
al,2025,continuous_contract_map,metadata_gap,missing_continuous_contract_map,True,target_coverage_gap_triage
al,2026,continuous_contract_map,metadata_gap,missing_continuous_contract_map,True,target_coverage_gap_triage
ao,2023,contract_universe,metadata_gap,missing_contract_universe,True,target_coverage_gap_triage
ao,2023,continuous_contract_map,metadata_gap,missing_continuous_contract_map,True,target_coverage_gap_triage
ao,2024,continuous_contract_map,metadata_gap,missing_continuous_contract_map,True,target_coverage_gap_triage
ao,2025,continuous_contract_map,metadata_gap,missing_continuous_contract_map,True,target_coverage_gap_triage
ao,2026,continuous_contract_map,metadata_gap,missing_continuous_contract_map,True,target_coverage_gap_triage
ap,2020,contract_universe,metadata_gap,missing_contract_universe,True,target_coverage_gap_triage
ap,2020,continuous_contract_map,metadata_gap,missing_continuous_contract_map,True,target_coverage_gap_triage
ap,2021,contract_universe,metadata_gap,missing_contract_universe,True,target_coverage_gap_triage
ap,2021,continuous_contract_map,metadata_gap,missing_continuous_contract_map,True,target_coverage_gap_triage
ap,2022,contract_universe,metadata_gap,missing_contract_universe,True,target_coverage_gap_triage
ap,2022,continuous_contract_map,metadata_gap,missing_continuous_contract_map,True,target_coverage_gap_triage
ap,2023,contract_universe,metadata_gap,missing_contract_universe,True,target_coverage_gap_triage
ap,2023,continuous_contract_map,metadata_gap,missing_continuous_contract_map,True,target_coverage_gap_triage
ap,2024,continuous_contract_map,metadata_gap,missing_continuous_contract_map,True,target_coverage_gap_triage
ap,2025,continuous_contract_map,metadata_gap,missing_continuous_contract_map,True,target_coverage_gap_triage
ap,2026,continuous_contract_map,metadata_gap,missing_continuous_contract_map,True,target_coverage_gap_triage
au,2020,contract_universe,metadata_gap,missing_contract_universe,True,target_coverage_gap_triage
au,2020,continuous_contract_map,metadata_gap,missing_continuous_contract_map,True,target_coverage_gap_triage
au,2021,contract_universe,metadata_gap,missing_contract_universe,True,target_coverage_gap_triage
au,2021,continuous_contract_map,metadata_gap,missing_continuous_contract_map,True,target_coverage_gap_triage
au,2022,contract_universe,metadata_gap,missing_contract_universe,True,target_coverage_gap_triage
au,2022,continuous_contract_map,metadata_gap,missing_continuous_contract_map,True,target_coverage_gap_triage
au,2023,contract_universe,metadata_gap,missing_contract_universe,True,target_coverage_gap_triage
au,2023,continuous_contract_map,metadata_gap,missing_continuous_contract_map,True,target_coverage_gap_triage
au,2024,continuous_contract_map,metadata_gap,missing_continuous_contract_map,True,target_coverage_gap_triage
au,2025,continuous_contract_map,metadata_gap,missing_continuous_contract_map,True,target_coverage_gap_triage
au,2026,continuous_contract_map,metadata_gap,missing_continuous_contract_map,True,target_coverage_gap_triage
b,2020,contract_universe,metadata_gap,missing_contract_universe,True,target_coverage_gap_triage
b,2020,continuous_contract_map,metadata_gap,missing_continuous_contract_map,True,target_coverage_gap_triage
b,2021,contract_universe,metadata_gap,missing_contract_universe,True,target_coverage_gap_triage
b,2021,continuous_contract_map,metadata_gap,missing_continuous_contract_map,True,target_coverage_gap_triage
b,2022,contract_universe,metadata_gap,missing_contract_universe,True,target_coverage_gap_triage
b,2022,continuous_contract_map,metadata_gap,missing_continuous_contract_map,True,target_coverage_gap_triage
b,2023,contract_universe,metadata_gap,missing_contract_universe,True,target_coverage_gap_triage
b,2023,continuous_contract_map,metadata_gap,missing_continuous_contract_map,True,target_coverage_gap_triage
b,2024,continuous_contract_map,metadata_gap,missing_continuous_contract_map,True,target_coverage_gap_triage
b,2025,continuous_contract_map,metadata_gap,missing_continuous_contract_map,True,target_coverage_gap_triage
b,2026,continuous_contract_map,metadata_gap,missing_continuous_contract_map,True,target_coverage_gap_triage
bb,2020,contract_universe,metadata_gap,missing_contract_universe,True,target_coverage_gap_triage
bb,2020,continuous_contract_map,metadata_gap,missing_continuous_contract_map,True,target_coverage_gap_triage
bb,2021,contract_universe,metadata_gap,missing_contract_universe,True,target_coverage_gap_triage
bb,2021,continuous_contract_map,metadata_gap,missing_continuous_contract_map,True,target_coverage_gap_triage
bb,2022,contract_universe,metadata_gap,missing_contract_universe,True,target_coverage_gap_triage
bb,2022,continuous_contract_map,metadata_gap,missing_continuous_contract_map,True,target_coverage_gap_triage
bb,2023,contract_universe,metadata_gap,missing_contract_universe,True,target_coverage_gap_triage
bb,2023,continuous_contract_map,metadata_gap,missing_continuous_contract_map,True,target_coverage_gap_triage
bb,2024,continuous_contract_map,metadata_gap,missing_continuous_contract_map,True,target_coverage_gap_triage
bb,2025,continuous_contract_map,metadata_gap,missing_continuous_contract_map,True,target_coverage_gap_triage
bb,2026,continuous_contract_map,metadata_gap,missing_continuous_contract_map,True,target_coverage_gap_triage
bc,2020,contract_universe,metadata_gap,missing_contract_universe,True,target_coverage_gap_triage
bc,2020,continuous_contract_map,metadata_gap,missing_continuous_contract_map,True,target_coverage_gap_triage
bc,2021,contract_universe,metadata_gap,missing_contract_universe,True,target_coverage_gap_triage
bc,2021,continuous_contract_map,metadata_gap,missing_continuous_contract_map,True,target_coverage_gap_triage
bc,2022,contract_universe,metadata_gap,missing_contract_universe,True,target_coverage_gap_triage
bc,2022,continuous_contract_map,metadata_gap,missing_continuous_contract_map,True,target_coverage_gap_triage
bc,2023,contract_universe,metadata_gap,missing_contract_universe,True,target_coverage_gap_triage
bc,2023,continuous_contract_map,metadata_gap,missing_continuous_contract_map,True,target_coverage_gap_triage
bc,2024,continuous_contract_map,metadata_gap,missing_continuous_contract_map,True,target_coverage_gap_triage
bc,2025,continuous_contract_map,metadata_gap,missing_continuous_contract_map,True,target_coverage_gap_triage
bc,2026,continuous_contract_map,metadata_gap,missing_continuous_contract_map,True,target_coverage_gap_triage
br,2023,contract_universe,metadata_gap,missing_contract_universe,True,target_coverage_gap_triage
br,2023,continuous_contract_map,metadata_gap,missing_continuous_contract_map,True,target_coverage_gap_triage
br,2024,continuous_contract_map,metadata_gap,missing_continuous_contract_map,True,target_coverage_gap_triage
br,2025,continuous_contract_map,metadata_gap,missing_continuous_contract_map,True,target_coverage_gap_triage
br,2026,continuous_contract_map,metadata_gap,missing_continuous_contract_map,True,target_coverage_gap_triage
bu,2020,contract_universe,metadata_gap,missing_contract_universe,True,target_coverage_gap_triage
bu,2020,continuous_contract_map,metadata_gap,missing_continuous_contract_map,True,target_coverage_gap_triage
bu,2021,contract_universe,metadata_gap,missing_contract_universe,True,target_coverage_gap_triage
bu,2021,continuous_contract_map,metadata_gap,missing_continuous_contract_map,True,target_coverage_gap_triage
bu,2022,contract_universe,metadata_gap,missing_contract_universe,True,target_coverage_gap_triage
bu,2022,continuous_contract_map,metadata_gap,missing_continuous_contract_map,True,target_coverage_gap_triage
bu,2023,contract_universe,metadata_gap,missing_contract_universe,True,target_coverage_gap_triage
bu,2023,continuous_contract_map,metadata_gap,missing_continuous_contract_map,True,target_coverage_gap_triage
bu,2024,continuous_contract_map,metadata_gap,missing_continuous_contract_map,True,target_coverage_gap_triage
bu,2025,continuous_contract_map,metadata_gap,missing_continuous_contract_map,True,target_coverage_gap_triage
bu,2026,continuous_contract_map,metadata_gap,missing_continuous_contract_map,True,target_coverage_gap_triage
bz,2025,continuous_contract_map,metadata_gap,missing_continuous_contract_map,True,target_coverage_gap_triage
bz,2026,continuous_contract_map,metadata_gap,missing_continuous_contract_map,True,target_coverage_gap_triage
c,2020,contract_universe,metadata_gap,missing_contract_universe,True,target_coverage_gap_triage
c,2020,continuous_contract_map,metadata_gap,missing_continuous_contract_map,True,target_coverage_gap_triage
c,2021,contract_universe,metadata_gap,missing_contract_universe,True,target_coverage_gap_triage
c,2021,continuous_contract_map,metadata_gap,missing_continuous_contract_map,True,target_coverage_gap_triage
c,2022,contract_universe,metadata_gap,missing_contract_universe,True,target_coverage_gap_triage
c,2022,continuous_contract_map,metadata_gap,missing_continuous_contract_map,True,target_coverage_gap_triage
c,2023,contract_universe,metadata_gap,missing_contract_universe,True,target_coverage_gap_triage
c,2023,continuous_contract_map,metadata_gap,missing_continuous_contract_map,True,target_coverage_gap_triage
c,2024,continuous_contract_map,metadata_gap,missing_continuous_contract_map,True,target_coverage_gap_triage
c,2025,continuous_contract_map,metadata_gap,missing_continuous_contract_map,True,target_coverage_gap_triage
c,2026,continuous_contract_map,metadata_gap,missing_continuous_contract_map,True,target_coverage_gap_triage
cf,2020,contract_universe,metadata_gap,missing_contract_universe,True,target_coverage_gap_triage
cf,2020,continuous_contract_map,metadata_gap,missing_continuous_contract_map,True,target_coverage_gap_triage
cf,2021,contract_universe,metadata_gap,missing_contract_universe,True,target_coverage_gap_triage
cf,2021,continuous_contract_map,metadata_gap,missing_continuous_contract_map,True,target_coverage_gap_triage
cf,2022,contract_universe,metadata_gap,missing_contract_universe,True,target_coverage_gap_triage
cf,2022,continuous_contract_map,metadata_gap,missing_continuous_contract_map,True,target_coverage_gap_triage
cf,2023,contract_universe,metadata_gap,missing_contract_universe,True,target_coverage_gap_triage
cf,2023,continuous_contract_map,metadata_gap,missing_continuous_contract_map,True,target_coverage_gap_triage
cf,2024,continuous_contract_map,metadata_gap,missing_continuous_contract_map,True,target_coverage_gap_triage
cf,2025,continuous_contract_map,metadata_gap,missing_continuous_contract_map,True,target_coverage_gap_triage
cf,2026,continuous_contract_map,metadata_gap,missing_continuous_contract_map,True,target_coverage_gap_triage
cj,2020,contract_universe,metadata_gap,missing_contract_universe,True,target_coverage_gap_triage
cj,2020,continuous_contract_map,metadata_gap,missing_continuous_contract_map,True,target_coverage_gap_triage
cj,2021,contract_universe,metadata_gap,missing_contract_universe,True,target_coverage_gap_triage
cj,2021,continuous_contract_map,metadata_gap,missing_continuous_contract_map,True,target_coverage_gap_triage
cj,2022,contract_universe,metadata_gap,missing_contract_universe,True,target_coverage_gap_triage
cj,2022,continuous_contract_map,metadata_gap,missing_continuous_contract_map,True,target_coverage_gap_triage
cj,2023,contract_universe,metadata_gap,missing_contract_universe,True,target_coverage_gap_triage
cj,2023,continuous_contract_map,metadata_gap,missing_continuous_contract_map,True,target_coverage_gap_triage
cj,2024,continuous_contract_map,metadata_gap,missing_continuous_contract_map,True,target_coverage_gap_triage
cj,2025,continuous_contract_map,metadata_gap,missing_continuous_contract_map,True,target_coverage_gap_triage
cj,2026,continuous_contract_map,metadata_gap,missing_continuous_contract_map,True,target_coverage_gap_triage
cs,2020,contract_universe,metadata_gap,missing_contract_universe,True,target_coverage_gap_triage
cs,2020,continuous_contract_map,metadata_gap,missing_continuous_contract_map,True,target_coverage_gap_triage
cs,2021,contract_universe,metadata_gap,missing_contract_universe,True,target_coverage_gap_triage
cs,2021,continuous_contract_map,metadata_gap,missing_continuous_contract_map,True,target_coverage_gap_triage
cs,2022,contract_universe,metadata_gap,missing_contract_universe,True,target_coverage_gap_triage
cs,2022,continuous_contract_map,metadata_gap,missing_continuous_contract_map,True,target_coverage_gap_triage
cs,2023,contract_universe,metadata_gap,missing_contract_universe,True,target_coverage_gap_triage
cs,2023,continuous_contract_map,metadata_gap,missing_continuous_contract_map,True,target_coverage_gap_triage
cs,2024,continuous_contract_map,metadata_gap,missing_continuous_contract_map,True,target_coverage_gap_triage
cs,2025,continuous_contract_map,metadata_gap,missing_continuous_contract_map,True,target_coverage_gap_triage
cs,2026,continuous_contract_map,metadata_gap,missing_continuous_contract_map,True,target_coverage_gap_triage
cu,2020,contract_universe,metadata_gap,missing_contract_universe,True,target_coverage_gap_triage
cu,2020,continuous_contract_map,metadata_gap,missing_continuous_contract_map,True,target_coverage_gap_triage
cu,2021,contract_universe,metadata_gap,missing_contract_universe,True,target_coverage_gap_triage
cu,2021,continuous_contract_map,metadata_gap,missing_continuous_contract_map,True,target_coverage_gap_triage
cu,2022,contract_universe,metadata_gap,missing_contract_universe,True,target_coverage_gap_triage
cu,2022,continuous_contract_map,metadata_gap,missing_continuous_contract_map,True,target_coverage_gap_triage
cu,2023,contract_universe,metadata_gap,missing_contract_universe,True,target_coverage_gap_triage
cu,2023,continuous_contract_map,metadata_gap,missing_continuous_contract_map,True,target_coverage_gap_triage
cu,2024,continuous_contract_map,metadata_gap,missing_continuous_contract_map,True,target_coverage_gap_triage
cu,2025,continuous_contract_map,metadata_gap,missing_continuous_contract_map,True,target_coverage_gap_triage
cu,2026,continuous_contract_map,metadata_gap,missing_continuous_contract_map,True,target_coverage_gap_triage
cy,2020,contract_universe,metadata_gap,missing_contract_universe,True,target_coverage_gap_triage
cy,2020,continuous_contract_map,metadata_gap,missing_continuous_contract_map,True,target_coverage_gap_triage
cy,2021,contract_universe,metadata_gap,missing_contract_universe,True,target_coverage_gap_triage
cy,2021,continuous_contract_map,metadata_gap,missing_continuous_contract_map,True,target_coverage_gap_triage
cy,2022,contract_universe,metadata_gap,missing_contract_universe,True,target_coverage_gap_triage
cy,2022,continuous_contract_map,metadata_gap,missing_continuous_contract_map,True,target_coverage_gap_triage
cy,2023,contract_universe,metadata_gap,missing_contract_universe,True,target_coverage_gap_triage
cy,2023,continuous_contract_map,metadata_gap,missing_continuous_contract_map,True,target_coverage_gap_triage
cy,2024,continuous_contract_map,metadata_gap,missing_continuous_contract_map,True,target_coverage_gap_triage
cy,2025,continuous_contract_map,metadata_gap,missing_continuous_contract_map,True,target_coverage_gap_triage
cy,2026,continuous_contract_map,metadata_gap,missing_continuous_contract_map,True,target_coverage_gap_triage
eb,2020,contract_universe,metadata_gap,missing_contract_universe,True,target_coverage_gap_triage
eb,2020,continuous_contract_map,metadata_gap,missing_continuous_contract_map,True,target_coverage_gap_triage
eb,2021,contract_universe,metadata_gap,missing_contract_universe,True,target_coverage_gap_triage
eb,2021,continuous_contract_map,metadata_gap,missing_continuous_contract_map,True,target_coverage_gap_triage
eb,2022,contract_universe,metadata_gap,missing_contract_universe,True,target_coverage_gap_triage
eb,2022,continuous_contract_map,metadata_gap,missing_continuous_contract_map,True,target_coverage_gap_triage
eb,2023,contract_universe,metadata_gap,missing_contract_universe,True,target_coverage_gap_triage
eb,2023,continuous_contract_map,metadata_gap,missing_continuous_contract_map,True,target_coverage_gap_triage
eb,2024,continuous_contract_map,metadata_gap,missing_continuous_contract_map,True,target_coverage_gap_triage
eb,2025,continuous_contract_map,metadata_gap,missing_continuous_contract_map,True,target_coverage_gap_triage
eb,2026,continuous_contract_map,metadata_gap,missing_continuous_contract_map,True,target_coverage_gap_triage
ec,2023,contract_universe,metadata_gap,missing_contract_universe,True,target_coverage_gap_triage
ec,2023,continuous_contract_map,metadata_gap,missing_continuous_contract_map,True,target_coverage_gap_triage
ec,2024,continuous_contract_map,metadata_gap,missing_continuous_contract_map,True,target_coverage_gap_triage
ec,2025,continuous_contract_map,metadata_gap,missing_continuous_contract_map,True,target_coverage_gap_triage
ec,2026,continuous_contract_map,metadata_gap,missing_continuous_contract_map,True,target_coverage_gap_triage
eg,2020,contract_universe,metadata_gap,missing_contract_universe,True,target_coverage_gap_triage
eg,2020,continuous_contract_map,metadata_gap,missing_continuous_contract_map,True,target_coverage_gap_triage
eg,2021,contract_universe,metadata_gap,missing_contract_universe,True,target_coverage_gap_triage
eg,2021,continuous_contract_map,metadata_gap,missing_continuous_contract_map,True,target_coverage_gap_triage
eg,2022,contract_universe,metadata_gap,missing_contract_universe,True,target_coverage_gap_triage
eg,2022,continuous_contract_map,metadata_gap,missing_continuous_contract_map,True,target_coverage_gap_triage
eg,2023,contract_universe,metadata_gap,missing_contract_universe,True,target_coverage_gap_triage
eg,2023,continuous_contract_map,metadata_gap,missing_continuous_contract_map,True,target_coverage_gap_triage
eg,2024,continuous_contract_map,metadata_gap,missing_continuous_contract_map,True,target_coverage_gap_triage
eg,2025,continuous_contract_map,metadata_gap,missing_continuous_contract_map,True,target_coverage_gap_triage
eg,2026,continuous_contract_map,metadata_gap,missing_continuous_contract_map,True,target_coverage_gap_triage
fb,2020,contract_universe,metadata_gap,missing_contract_universe,True,target_coverage_gap_triage
fb,2020,continuous_contract_map,metadata_gap,missing_continuous_contract_map,True,target_coverage_gap_triage
fb,2021,contract_universe,metadata_gap,missing_contract_universe,True,target_coverage_gap_triage
fb,2021,continuous_contract_map,metadata_gap,missing_continuous_contract_map,True,target_coverage_gap_triage
fb,2022,contract_universe,metadata_gap,missing_contract_universe,True,target_coverage_gap_triage
fb,2022,continuous_contract_map,metadata_gap,missing_continuous_contract_map,True,target_coverage_gap_triage
fb,2023,contract_universe,metadata_gap,missing_contract_universe,True,target_coverage_gap_triage
fb,2023,continuous_contract_map,metadata_gap,missing_continuous_contract_map,True,target_coverage_gap_triage
fb,2024,continuous_contract_map,metadata_gap,missing_continuous_contract_map,True,target_coverage_gap_triage
fb,2025,continuous_contract_map,metadata_gap,missing_continuous_contract_map,True,target_coverage_gap_triage
fb,2026,continuous_contract_map,metadata_gap,missing_continuous_contract_map,True,target_coverage_gap_triage
fg,2020,contract_universe,metadata_gap,missing_contract_universe,True,target_coverage_gap_triage
fg,2020,continuous_contract_map,metadata_gap,missing_continuous_contract_map,True,target_coverage_gap_triage
fg,2021,contract_universe,metadata_gap,missing_contract_universe,True,target_coverage_gap_triage
fg,2021,continuous_contract_map,metadata_gap,missing_continuous_contract_map,True,target_coverage_gap_triage
fg,2022,contract_universe,metadata_gap,missing_contract_universe,True,target_coverage_gap_triage
fg,2022,continuous_contract_map,metadata_gap,missing_continuous_contract_map,True,target_coverage_gap_triage
fg,2023,contract_universe,metadata_gap,missing_contract_universe,True,target_coverage_gap_triage
fg,2023,continuous_contract_map,metadata_gap,missing_continuous_contract_map,True,target_coverage_gap_triage
fg,2024,continuous_contract_map,metadata_gap,missing_continuous_contract_map,True,target_coverage_gap_triage
fg,2025,continuous_contract_map,metadata_gap,missing_continuous_contract_map,True,target_coverage_gap_triage
fg,2026,continuous_contract_map,metadata_gap,missing_continuous_contract_map,True,target_coverage_gap_triage
fu,2020,contract_universe,metadata_gap,missing_contract_universe,True,target_coverage_gap_triage
fu,2020,continuous_contract_map,metadata_gap,missing_continuous_contract_map,True,target_coverage_gap_triage
fu,2021,contract_universe,metadata_gap,missing_contract_universe,True,target_coverage_gap_triage
fu,2021,continuous_contract_map,metadata_gap,missing_continuous_contract_map,True,target_coverage_gap_triage
fu,2022,contract_universe,metadata_gap,missing_contract_universe,True,target_coverage_gap_triage
fu,2022,continuous_contract_map,metadata_gap,missing_continuous_contract_map,True,target_coverage_gap_triage
fu,2023,contract_universe,metadata_gap,missing_contract_universe,True,target_coverage_gap_triage
fu,2023,continuous_contract_map,metadata_gap,missing_continuous_contract_map,True,target_coverage_gap_triage
fu,2024,continuous_contract_map,metadata_gap,missing_continuous_contract_map,True,target_coverage_gap_triage
fu,2025,continuous_contract_map,metadata_gap,missing_continuous_contract_map,True,target_coverage_gap_triage
fu,2026,continuous_contract_map,metadata_gap,missing_continuous_contract_map,True,target_coverage_gap_triage
hc,2020,contract_universe,metadata_gap,missing_contract_universe,True,target_coverage_gap_triage
hc,2020,continuous_contract_map,metadata_gap,missing_continuous_contract_map,True,target_coverage_gap_triage
hc,2021,contract_universe,metadata_gap,missing_contract_universe,True,target_coverage_gap_triage
hc,2021,continuous_contract_map,metadata_gap,missing_continuous_contract_map,True,target_coverage_gap_triage
hc,2022,contract_universe,metadata_gap,missing_contract_universe,True,target_coverage_gap_triage
hc,2022,continuous_contract_map,metadata_gap,missing_continuous_contract_map,True,target_coverage_gap_triage
hc,2023,contract_universe,metadata_gap,missing_contract_universe,True,target_coverage_gap_triage
hc,2023,continuous_contract_map,metadata_gap,missing_continuous_contract_map,True,target_coverage_gap_triage
hc,2024,continuous_contract_map,metadata_gap,missing_continuous_contract_map,True,target_coverage_gap_triage
hc,2025,continuous_contract_map,metadata_gap,missing_continuous_contract_map,True,target_coverage_gap_triage
hc,2026,continuous_contract_map,metadata_gap,missing_continuous_contract_map,True,target_coverage_gap_triage
i,2020,contract_universe,metadata_gap,missing_contract_universe,True,target_coverage_gap_triage
i,2020,continuous_contract_map,metadata_gap,missing_continuous_contract_map,True,target_coverage_gap_triage
i,2021,contract_universe,metadata_gap,missing_contract_universe,True,target_coverage_gap_triage
i,2021,continuous_contract_map,metadata_gap,missing_continuous_contract_map,True,target_coverage_gap_triage
i,2022,contract_universe,metadata_gap,missing_contract_universe,True,target_coverage_gap_triage
i,2022,continuous_contract_map,metadata_gap,missing_continuous_contract_map,True,target_coverage_gap_triage
i,2023,contract_universe,metadata_gap,missing_contract_universe,True,target_coverage_gap_triage
i,2023,continuous_contract_map,metadata_gap,missing_continuous_contract_map,True,target_coverage_gap_triage
i,2024,continuous_contract_map,metadata_gap,missing_continuous_contract_map,True,target_coverage_gap_triage
i,2025,continuous_contract_map,metadata_gap,missing_continuous_contract_map,True,target_coverage_gap_triage
i,2026,continuous_contract_map,metadata_gap,missing_continuous_contract_map,True,target_coverage_gap_triage
ic,2020,contract_universe,metadata_gap,missing_contract_universe,True,target_coverage_gap_triage
ic,2020,continuous_contract_map,metadata_gap,missing_continuous_contract_map,True,target_coverage_gap_triage
ic,2021,contract_universe,metadata_gap,missing_contract_universe,True,target_coverage_gap_triage
ic,2021,continuous_contract_map,metadata_gap,missing_continuous_contract_map,True,target_coverage_gap_triage
ic,2022,contract_universe,metadata_gap,missing_contract_universe,True,target_coverage_gap_triage
ic,2022,continuous_contract_map,metadata_gap,missing_continuous_contract_map,True,target_coverage_gap_triage
ic,2023,contract_universe,metadata_gap,missing_contract_universe,True,target_coverage_gap_triage
ic,2023,continuous_contract_map,metadata_gap,missing_continuous_contract_map,True,target_coverage_gap_triage
ic,2024,continuous_contract_map,metadata_gap,missing_continuous_contract_map,True,target_coverage_gap_triage
ic,2025,continuous_contract_map,metadata_gap,missing_continuous_contract_map,True,target_coverage_gap_triage
ic,2026,continuous_contract_map,metadata_gap,missing_continuous_contract_map,True,target_coverage_gap_triage
if,2020,contract_universe,metadata_gap,missing_contract_universe,True,target_coverage_gap_triage
if,2020,continuous_contract_map,metadata_gap,missing_continuous_contract_map,True,target_coverage_gap_triage
if,2021,contract_universe,metadata_gap,missing_contract_universe,True,target_coverage_gap_triage
if,2021,continuous_contract_map,metadata_gap,missing_continuous_contract_map,True,target_coverage_gap_triage
if,2022,contract_universe,metadata_gap,missing_contract_universe,True,target_coverage_gap_triage
if,2022,continuous_contract_map,metadata_gap,missing_continuous_contract_map,True,target_coverage_gap_triage
if,2023,contract_universe,metadata_gap,missing_contract_universe,True,target_coverage_gap_triage
if,2023,continuous_contract_map,metadata_gap,missing_continuous_contract_map,True,target_coverage_gap_triage
if,2024,continuous_contract_map,metadata_gap,missing_continuous_contract_map,True,target_coverage_gap_triage
if,2025,continuous_contract_map,metadata_gap,missing_continuous_contract_map,True,target_coverage_gap_triage
if,2026,continuous_contract_map,metadata_gap,missing_continuous_contract_map,True,target_coverage_gap_triage
ih,2020,contract_universe,metadata_gap,missing_contract_universe,True,target_coverage_gap_triage
ih,2020,continuous_contract_map,metadata_gap,missing_continuous_contract_map,True,target_coverage_gap_triage
ih,2021,contract_universe,metadata_gap,missing_contract_universe,True,target_coverage_gap_triage
ih,2021,continuous_contract_map,metadata_gap,missing_continuous_contract_map,True,target_coverage_gap_triage
ih,2022,contract_universe,metadata_gap,missing_contract_universe,True,target_coverage_gap_triage
ih,2022,continuous_contract_map,metadata_gap,missing_continuous_contract_map,True,target_coverage_gap_triage
ih,2023,contract_universe,metadata_gap,missing_contract_universe,True,target_coverage_gap_triage
ih,2023,continuous_contract_map,metadata_gap,missing_continuous_contract_map,True,target_coverage_gap_triage
ih,2024,continuous_contract_map,metadata_gap,missing_continuous_contract_map,True,target_coverage_gap_triage
ih,2025,continuous_contract_map,metadata_gap,missing_continuous_contract_map,True,target_coverage_gap_triage
ih,2026,continuous_contract_map,metadata_gap,missing_continuous_contract_map,True,target_coverage_gap_triage
im,2022,contract_universe,metadata_gap,missing_contract_universe,True,target_coverage_gap_triage
im,2022,continuous_contract_map,metadata_gap,missing_continuous_contract_map,True,target_coverage_gap_triage
im,2023,contract_universe,metadata_gap,missing_contract_universe,True,target_coverage_gap_triage
im,2023,continuous_contract_map,metadata_gap,missing_continuous_contract_map,True,target_coverage_gap_triage
im,2024,continuous_contract_map,metadata_gap,missing_continuous_contract_map,True,target_coverage_gap_triage
im,2025,continuous_contract_map,metadata_gap,missing_continuous_contract_map,True,target_coverage_gap_triage
im,2026,continuous_contract_map,metadata_gap,missing_continuous_contract_map,True,target_coverage_gap_triage
j,2020,contract_universe,metadata_gap,missing_contract_universe,True,target_coverage_gap_triage
j,2020,continuous_contract_map,metadata_gap,missing_continuous_contract_map,True,target_coverage_gap_triage
j,2021,contract_universe,metadata_gap,missing_contract_universe,True,target_coverage_gap_triage
j,2021,continuous_contract_map,metadata_gap,missing_continuous_contract_map,True,target_coverage_gap_triage
j,2022,contract_universe,metadata_gap,missing_contract_universe,True,target_coverage_gap_triage
j,2022,continuous_contract_map,metadata_gap,missing_continuous_contract_map,True,target_coverage_gap_triage
j,2023,contract_universe,metadata_gap,missing_contract_universe,True,target_coverage_gap_triage
j,2023,continuous_contract_map,metadata_gap,missing_continuous_contract_map,True,target_coverage_gap_triage
j,2024,continuous_contract_map,metadata_gap,missing_continuous_contract_map,True,target_coverage_gap_triage
j,2025,continuous_contract_map,metadata_gap,missing_continuous_contract_map,True,target_coverage_gap_triage
j,2026,continuous_contract_map,metadata_gap,missing_continuous_contract_map,True,target_coverage_gap_triage
jd,2020,contract_universe,metadata_gap,missing_contract_universe,True,target_coverage_gap_triage
jd,2020,continuous_contract_map,metadata_gap,missing_continuous_contract_map,True,target_coverage_gap_triage
jd,2021,contract_universe,metadata_gap,missing_contract_universe,True,target_coverage_gap_triage
jd,2021,continuous_contract_map,metadata_gap,missing_continuous_contract_map,True,target_coverage_gap_triage
jd,2022,contract_universe,metadata_gap,missing_contract_universe,True,target_coverage_gap_triage
jd,2022,continuous_contract_map,metadata_gap,missing_continuous_contract_map,True,target_coverage_gap_triage
jd,2023,contract_universe,metadata_gap,missing_contract_universe,True,target_coverage_gap_triage
jd,2023,continuous_contract_map,metadata_gap,missing_continuous_contract_map,True,target_coverage_gap_triage
jd,2024,continuous_contract_map,metadata_gap,missing_continuous_contract_map,True,target_coverage_gap_triage
jd,2025,continuous_contract_map,metadata_gap,missing_continuous_contract_map,True,target_coverage_gap_triage
jd,2026,continuous_contract_map,metadata_gap,missing_continuous_contract_map,True,target_coverage_gap_triage
jm,2020,contract_universe,metadata_gap,missing_contract_universe,True,target_coverage_gap_triage
jm,2020,continuous_contract_map,metadata_gap,missing_continuous_contract_map,True,target_coverage_gap_triage
jm,2021,contract_universe,metadata_gap,missing_contract_universe,True,target_coverage_gap_triage
jm,2021,continuous_contract_map,metadata_gap,missing_continuous_contract_map,True,target_coverage_gap_triage
jm,2022,contract_universe,metadata_gap,missing_contract_universe,True,target_coverage_gap_triage
jm,2022,continuous_contract_map,metadata_gap,missing_continuous_contract_map,True,target_coverage_gap_triage
jm,2023,contract_universe,metadata_gap,missing_contract_universe,True,target_coverage_gap_triage
jm,2023,continuous_contract_map,metadata_gap,missing_continuous_contract_map,True,target_coverage_gap_triage
jm,2024,continuous_contract_map,metadata_gap,missing_continuous_contract_map,True,target_coverage_gap_triage
jm,2025,continuous_contract_map,metadata_gap,missing_continuous_contract_map,True,target_coverage_gap_triage
jm,2026,continuous_contract_map,metadata_gap,missing_continuous_contract_map,True,target_coverage_gap_triage
jr,2020,contract_universe,metadata_gap,missing_contract_universe,True,target_coverage_gap_triage
jr,2020,continuous_contract_map,metadata_gap,missing_continuous_contract_map,True,target_coverage_gap_triage
jr,2021,contract_universe,metadata_gap,missing_contract_universe,True,target_coverage_gap_triage
jr,2021,continuous_contract_map,metadata_gap,missing_continuous_contract_map,True,target_coverage_gap_triage
jr,2022,contract_universe,metadata_gap,missing_contract_universe,True,target_coverage_gap_triage
jr,2022,continuous_contract_map,metadata_gap,missing_continuous_contract_map,True,target_coverage_gap_triage
jr,2023,contract_universe,metadata_gap,missing_contract_universe,True,target_coverage_gap_triage
jr,2023,continuous_contract_map,metadata_gap,missing_continuous_contract_map,True,target_coverage_gap_triage
jr,2024,continuous_contract_map,metadata_gap,missing_continuous_contract_map,True,target_coverage_gap_triage
jr,2025,continuous_contract_map,metadata_gap,missing_continuous_contract_map,True,target_coverage_gap_triage
jr,2026,continuous_contract_map,metadata_gap,missing_continuous_contract_map,True,target_coverage_gap_triage
l,2020,contract_universe,metadata_gap,missing_contract_universe,True,target_coverage_gap_triage
l,2020,continuous_contract_map,metadata_gap,missing_continuous_contract_map,True,target_coverage_gap_triage
l,2021,contract_universe,metadata_gap,missing_contract_universe,True,target_coverage_gap_triage
l,2021,continuous_contract_map,metadata_gap,missing_continuous_contract_map,True,target_coverage_gap_triage
l,2022,contract_universe,metadata_gap,missing_contract_universe,True,target_coverage_gap_triage
l,2022,continuous_contract_map,metadata_gap,missing_continuous_contract_map,True,target_coverage_gap_triage
l,2023,contract_universe,metadata_gap,missing_contract_universe,True,target_coverage_gap_triage
l,2023,continuous_contract_map,metadata_gap,missing_continuous_contract_map,True,target_coverage_gap_triage
l,2024,continuous_contract_map,metadata_gap,missing_continuous_contract_map,True,target_coverage_gap_triage
l,2025,continuous_contract_map,metadata_gap,missing_continuous_contract_map,True,target_coverage_gap_triage
l,2026,continuous_contract_map,metadata_gap,missing_continuous_contract_map,True,target_coverage_gap_triage
l_f,2025,continuous_contract_map,metadata_gap,missing_continuous_contract_map,True,target_coverage_gap_triage
l_f,2026,continuous_contract_map,metadata_gap,missing_continuous_contract_map,True,target_coverage_gap_triage
lc,2023,contract_universe,metadata_gap,missing_contract_universe,True,target_coverage_gap_triage
lc,2023,continuous_contract_map,metadata_gap,missing_continuous_contract_map,True,target_coverage_gap_triage
lc,2024,continuous_contract_map,metadata_gap,missing_continuous_contract_map,True,target_coverage_gap_triage
lc,2025,continuous_contract_map,metadata_gap,missing_continuous_contract_map,True,target_coverage_gap_triage
lc,2026,continuous_contract_map,metadata_gap,missing_continuous_contract_map,True,target_coverage_gap_triage
lg,2024,continuous_contract_map,metadata_gap,missing_continuous_contract_map,True,target_coverage_gap_triage
lg,2025,continuous_contract_map,metadata_gap,missing_continuous_contract_map,True,target_coverage_gap_triage
lg,2026,continuous_contract_map,metadata_gap,missing_continuous_contract_map,True,target_coverage_gap_triage
lh,2021,contract_universe,metadata_gap,missing_contract_universe,True,target_coverage_gap_triage
lh,2021,continuous_contract_map,metadata_gap,missing_continuous_contract_map,True,target_coverage_gap_triage
lh,2022,contract_universe,metadata_gap,missing_contract_universe,True,target_coverage_gap_triage
lh,2022,continuous_contract_map,metadata_gap,missing_continuous_contract_map,True,target_coverage_gap_triage
lh,2023,contract_universe,metadata_gap,missing_contract_universe,True,target_coverage_gap_triage
lh,2023,continuous_contract_map,metadata_gap,missing_continuous_contract_map,True,target_coverage_gap_triage
lh,2024,continuous_contract_map,metadata_gap,missing_continuous_contract_map,True,target_coverage_gap_triage
lh,2025,continuous_contract_map,metadata_gap,missing_continuous_contract_map,True,target_coverage_gap_triage
lh,2026,continuous_contract_map,metadata_gap,missing_continuous_contract_map,True,target_coverage_gap_triage
lu,2020,contract_universe,metadata_gap,missing_contract_universe,True,target_coverage_gap_triage
lu,2020,continuous_contract_map,metadata_gap,missing_continuous_contract_map,True,target_coverage_gap_triage
lu,2021,contract_universe,metadata_gap,missing_contract_universe,True,target_coverage_gap_triage
lu,2021,continuous_contract_map,metadata_gap,missing_continuous_contract_map,True,target_coverage_gap_triage
lu,2022,contract_universe,metadata_gap,missing_contract_universe,True,target_coverage_gap_triage
lu,2022,continuous_contract_map,metadata_gap,missing_continuous_contract_map,True,target_coverage_gap_triage
lu,2023,contract_universe,metadata_gap,missing_contract_universe,True,target_coverage_gap_triage
lu,2023,continuous_contract_map,metadata_gap,missing_continuous_contract_map,True,target_coverage_gap_triage
lu,2024,continuous_contract_map,metadata_gap,missing_continuous_contract_map,True,target_coverage_gap_triage
lu,2025,continuous_contract_map,metadata_gap,missing_continuous_contract_map,True,target_coverage_gap_triage
lu,2026,continuous_contract_map,metadata_gap,missing_continuous_contract_map,True,target_coverage_gap_triage
m,2020,contract_universe,metadata_gap,missing_contract_universe,True,target_coverage_gap_triage
m,2020,continuous_contract_map,metadata_gap,missing_continuous_contract_map,True,target_coverage_gap_triage
m,2021,contract_universe,metadata_gap,missing_contract_universe,True,target_coverage_gap_triage
m,2021,continuous_contract_map,metadata_gap,missing_continuous_contract_map,True,target_coverage_gap_triage
m,2022,contract_universe,metadata_gap,missing_contract_universe,True,target_coverage_gap_triage
m,2022,continuous_contract_map,metadata_gap,missing_continuous_contract_map,True,target_coverage_gap_triage
m,2023,contract_universe,metadata_gap,missing_contract_universe,True,target_coverage_gap_triage
m,2023,continuous_contract_map,metadata_gap,missing_continuous_contract_map,True,target_coverage_gap_triage
m,2024,continuous_contract_map,metadata_gap,missing_continuous_contract_map,True,target_coverage_gap_triage
m,2025,continuous_contract_map,metadata_gap,missing_continuous_contract_map,True,target_coverage_gap_triage
m,2026,continuous_contract_map,metadata_gap,missing_continuous_contract_map,True,target_coverage_gap_triage
ma,2020,contract_universe,metadata_gap,missing_contract_universe,True,target_coverage_gap_triage
ma,2020,continuous_contract_map,metadata_gap,missing_continuous_contract_map,True,target_coverage_gap_triage
ma,2021,contract_universe,metadata_gap,missing_contract_universe,True,target_coverage_gap_triage
ma,2021,continuous_contract_map,metadata_gap,missing_continuous_contract_map,True,target_coverage_gap_triage
ma,2022,contract_universe,metadata_gap,missing_contract_universe,True,target_coverage_gap_triage
ma,2022,continuous_contract_map,metadata_gap,missing_continuous_contract_map,True,target_coverage_gap_triage
ma,2023,contract_universe,metadata_gap,missing_contract_universe,True,target_coverage_gap_triage
ma,2023,continuous_contract_map,metadata_gap,missing_continuous_contract_map,True,target_coverage_gap_triage
ma,2024,continuous_contract_map,metadata_gap,missing_continuous_contract_map,True,target_coverage_gap_triage
ma,2025,continuous_contract_map,metadata_gap,missing_continuous_contract_map,True,target_coverage_gap_triage
ma,2026,continuous_contract_map,metadata_gap,missing_continuous_contract_map,True,target_coverage_gap_triage
ni,2020,contract_universe,metadata_gap,missing_contract_universe,True,target_coverage_gap_triage
ni,2020,continuous_contract_map,metadata_gap,missing_continuous_contract_map,True,target_coverage_gap_triage
ni,2021,contract_universe,metadata_gap,missing_contract_universe,True,target_coverage_gap_triage
ni,2021,continuous_contract_map,metadata_gap,missing_continuous_contract_map,True,target_coverage_gap_triage
ni,2022,contract_universe,metadata_gap,missing_contract_universe,True,target_coverage_gap_triage
ni,2022,continuous_contract_map,metadata_gap,missing_continuous_contract_map,True,target_coverage_gap_triage
ni,2023,contract_universe,metadata_gap,missing_contract_universe,True,target_coverage_gap_triage
ni,2023,continuous_contract_map,metadata_gap,missing_continuous_contract_map,True,target_coverage_gap_triage
ni,2024,continuous_contract_map,metadata_gap,missing_continuous_contract_map,True,target_coverage_gap_triage
ni,2025,continuous_contract_map,metadata_gap,missing_continuous_contract_map,True,target_coverage_gap_triage
ni,2026,continuous_contract_map,metadata_gap,missing_continuous_contract_map,True,target_coverage_gap_triage
nr,2020,contract_universe,metadata_gap,missing_contract_universe,True,target_coverage_gap_triage
nr,2020,continuous_contract_map,metadata_gap,missing_continuous_contract_map,True,target_coverage_gap_triage
nr,2021,contract_universe,metadata_gap,missing_contract_universe,True,target_coverage_gap_triage
nr,2021,continuous_contract_map,metadata_gap,missing_continuous_contract_map,True,target_coverage_gap_triage
nr,2022,contract_universe,metadata_gap,missing_contract_universe,True,target_coverage_gap_triage
nr,2022,continuous_contract_map,metadata_gap,missing_continuous_contract_map,True,target_coverage_gap_triage
nr,2023,contract_universe,metadata_gap,missing_contract_universe,True,target_coverage_gap_triage
nr,2023,continuous_contract_map,metadata_gap,missing_continuous_contract_map,True,target_coverage_gap_triage
nr,2024,continuous_contract_map,metadata_gap,missing_continuous_contract_map,True,target_coverage_gap_triage
nr,2025,continuous_contract_map,metadata_gap,missing_continuous_contract_map,True,target_coverage_gap_triage
nr,2026,continuous_contract_map,metadata_gap,missing_continuous_contract_map,True,target_coverage_gap_triage
oi,2020,contract_universe,metadata_gap,missing_contract_universe,True,target_coverage_gap_triage
oi,2020,continuous_contract_map,metadata_gap,missing_continuous_contract_map,True,target_coverage_gap_triage
oi,2021,contract_universe,metadata_gap,missing_contract_universe,True,target_coverage_gap_triage
oi,2021,continuous_contract_map,metadata_gap,missing_continuous_contract_map,True,target_coverage_gap_triage
oi,2022,contract_universe,metadata_gap,missing_contract_universe,True,target_coverage_gap_triage
oi,2022,continuous_contract_map,metadata_gap,missing_continuous_contract_map,True,target_coverage_gap_triage
oi,2023,contract_universe,metadata_gap,missing_contract_universe,True,target_coverage_gap_triage
oi,2023,continuous_contract_map,metadata_gap,missing_continuous_contract_map,True,target_coverage_gap_triage
oi,2024,continuous_contract_map,metadata_gap,missing_continuous_contract_map,True,target_coverage_gap_triage
oi,2025,continuous_contract_map,metadata_gap,missing_continuous_contract_map,True,target_coverage_gap_triage
oi,2026,continuous_contract_map,metadata_gap,missing_continuous_contract_map,True,target_coverage_gap_triage
op,2025,continuous_contract_map,metadata_gap,missing_continuous_contract_map,True,target_coverage_gap_triage
op,2026,continuous_contract_map,metadata_gap,missing_continuous_contract_map,True,target_coverage_gap_triage
p,2020,contract_universe,metadata_gap,missing_contract_universe,True,target_coverage_gap_triage
p,2020,continuous_contract_map,metadata_gap,missing_continuous_contract_map,True,target_coverage_gap_triage
p,2021,contract_universe,metadata_gap,missing_contract_universe,True,target_coverage_gap_triage
p,2021,continuous_contract_map,metadata_gap,missing_continuous_contract_map,True,target_coverage_gap_triage
p,2022,contract_universe,metadata_gap,missing_contract_universe,True,target_coverage_gap_triage
p,2022,continuous_contract_map,metadata_gap,missing_continuous_contract_map,True,target_coverage_gap_triage
p,2023,contract_universe,metadata_gap,missing_contract_universe,True,target_coverage_gap_triage
p,2023,continuous_contract_map,metadata_gap,missing_continuous_contract_map,True,target_coverage_gap_triage
p,2024,continuous_contract_map,metadata_gap,missing_continuous_contract_map,True,target_coverage_gap_triage
p,2025,continuous_contract_map,metadata_gap,missing_continuous_contract_map,True,target_coverage_gap_triage
p,2026,continuous_contract_map,metadata_gap,missing_continuous_contract_map,True,target_coverage_gap_triage
pb,2020,contract_universe,metadata_gap,missing_contract_universe,True,target_coverage_gap_triage
pb,2020,continuous_contract_map,metadata_gap,missing_continuous_contract_map,True,target_coverage_gap_triage
pb,2021,contract_universe,metadata_gap,missing_contract_universe,True,target_coverage_gap_triage
pb,2021,continuous_contract_map,metadata_gap,missing_continuous_contract_map,True,target_coverage_gap_triage
pb,2022,contract_universe,metadata_gap,missing_contract_universe,True,target_coverage_gap_triage
pb,2022,continuous_contract_map,metadata_gap,missing_continuous_contract_map,True,target_coverage_gap_triage
pb,2023,contract_universe,metadata_gap,missing_contract_universe,True,target_coverage_gap_triage
pb,2023,continuous_contract_map,metadata_gap,missing_continuous_contract_map,True,target_coverage_gap_triage
pb,2024,continuous_contract_map,metadata_gap,missing_continuous_contract_map,True,target_coverage_gap_triage
pb,2025,continuous_contract_map,metadata_gap,missing_continuous_contract_map,True,target_coverage_gap_triage
pb,2026,continuous_contract_map,metadata_gap,missing_continuous_contract_map,True,target_coverage_gap_triage
pd,2025,continuous_contract_map,metadata_gap,missing_continuous_contract_map,True,target_coverage_gap_triage
pd,2026,continuous_contract_map,metadata_gap,missing_continuous_contract_map,True,target_coverage_gap_triage
pf,2020,contract_universe,metadata_gap,missing_contract_universe,True,target_coverage_gap_triage
pf,2020,continuous_contract_map,metadata_gap,missing_continuous_contract_map,True,target_coverage_gap_triage
pf,2021,contract_universe,metadata_gap,missing_contract_universe,True,target_coverage_gap_triage
pf,2021,continuous_contract_map,metadata_gap,missing_continuous_contract_map,True,target_coverage_gap_triage
pf,2022,contract_universe,metadata_gap,missing_contract_universe,True,target_coverage_gap_triage
pf,2022,continuous_contract_map,metadata_gap,missing_continuous_contract_map,True,target_coverage_gap_triage
pf,2023,contract_universe,metadata_gap,missing_contract_universe,True,target_coverage_gap_triage
pf,2023,continuous_contract_map,metadata_gap,missing_continuous_contract_map,True,target_coverage_gap_triage
pf,2024,continuous_contract_map,metadata_gap,missing_continuous_contract_map,True,target_coverage_gap_triage
pf,2025,continuous_contract_map,metadata_gap,missing_continuous_contract_map,True,target_coverage_gap_triage
pf,2026,continuous_contract_map,metadata_gap,missing_continuous_contract_map,True,target_coverage_gap_triage
pg,2020,contract_universe,metadata_gap,missing_contract_universe,True,target_coverage_gap_triage
pg,2020,continuous_contract_map,metadata_gap,missing_continuous_contract_map,True,target_coverage_gap_triage
pg,2021,contract_universe,metadata_gap,missing_contract_universe,True,target_coverage_gap_triage
pg,2021,continuous_contract_map,metadata_gap,missing_continuous_contract_map,True,target_coverage_gap_triage
pg,2022,contract_universe,metadata_gap,missing_contract_universe,True,target_coverage_gap_triage
pg,2022,continuous_contract_map,metadata_gap,missing_continuous_contract_map,True,target_coverage_gap_triage
pg,2023,contract_universe,metadata_gap,missing_contract_universe,True,target_coverage_gap_triage
pg,2023,continuous_contract_map,metadata_gap,missing_continuous_contract_map,True,target_coverage_gap_triage
pg,2024,continuous_contract_map,metadata_gap,missing_continuous_contract_map,True,target_coverage_gap_triage
pg,2025,continuous_contract_map,metadata_gap,missing_continuous_contract_map,True,target_coverage_gap_triage
pg,2026,continuous_contract_map,metadata_gap,missing_continuous_contract_map,True,target_coverage_gap_triage
pk,2021,contract_universe,metadata_gap,missing_contract_universe,True,target_coverage_gap_triage
pk,2021,continuous_contract_map,metadata_gap,missing_continuous_contract_map,True,target_coverage_gap_triage
pk,2022,contract_universe,metadata_gap,missing_contract_universe,True,target_coverage_gap_triage
pk,2022,continuous_contract_map,metadata_gap,missing_continuous_contract_map,True,target_coverage_gap_triage
pk,2023,contract_universe,metadata_gap,missing_contract_universe,True,target_coverage_gap_triage
pk,2023,continuous_contract_map,metadata_gap,missing_continuous_contract_map,True,target_coverage_gap_triage
pk,2024,continuous_contract_map,metadata_gap,missing_continuous_contract_map,True,target_coverage_gap_triage
pk,2025,continuous_contract_map,metadata_gap,missing_continuous_contract_map,True,target_coverage_gap_triage
pk,2026,continuous_contract_map,metadata_gap,missing_continuous_contract_map,True,target_coverage_gap_triage
pl,2025,continuous_contract_map,metadata_gap,missing_continuous_contract_map,True,target_coverage_gap_triage
pl,2026,continuous_contract_map,metadata_gap,missing_continuous_contract_map,True,target_coverage_gap_triage
pm,2020,contract_universe,metadata_gap,missing_contract_universe,True,target_coverage_gap_triage
pm,2020,continuous_contract_map,metadata_gap,missing_continuous_contract_map,True,target_coverage_gap_triage
pm,2021,contract_universe,metadata_gap,missing_contract_universe,True,target_coverage_gap_triage
pm,2021,continuous_contract_map,metadata_gap,missing_continuous_contract_map,True,target_coverage_gap_triage
pm,2022,contract_universe,metadata_gap,missing_contract_universe,True,target_coverage_gap_triage
pm,2022,continuous_contract_map,metadata_gap,missing_continuous_contract_map,True,target_coverage_gap_triage
pm,2023,contract_universe,metadata_gap,missing_contract_universe,True,target_coverage_gap_triage
pm,2023,continuous_contract_map,metadata_gap,missing_continuous_contract_map,True,target_coverage_gap_triage
pm,2024,continuous_contract_map,metadata_gap,missing_continuous_contract_map,True,target_coverage_gap_triage
pm,2025,continuous_contract_map,metadata_gap,missing_continuous_contract_map,True,target_coverage_gap_triage
pm,2026,continuous_contract_map,metadata_gap,missing_continuous_contract_map,True,target_coverage_gap_triage
pp,2020,contract_universe,metadata_gap,missing_contract_universe,True,target_coverage_gap_triage
pp,2020,continuous_contract_map,metadata_gap,missing_continuous_contract_map,True,target_coverage_gap_triage
pp,2021,contract_universe,metadata_gap,missing_contract_universe,True,target_coverage_gap_triage
pp,2021,continuous_contract_map,metadata_gap,missing_continuous_contract_map,True,target_coverage_gap_triage
pp,2022,contract_universe,metadata_gap,missing_contract_universe,True,target_coverage_gap_triage
pp,2022,continuous_contract_map,metadata_gap,missing_continuous_contract_map,True,target_coverage_gap_triage
pp,2023,contract_universe,metadata_gap,missing_contract_universe,True,target_coverage_gap_triage
pp,2023,continuous_contract_map,metadata_gap,missing_continuous_contract_map,True,target_coverage_gap_triage
pp,2024,continuous_contract_map,metadata_gap,missing_continuous_contract_map,True,target_coverage_gap_triage
pp,2025,continuous_contract_map,metadata_gap,missing_continuous_contract_map,True,target_coverage_gap_triage
pp,2026,continuous_contract_map,metadata_gap,missing_continuous_contract_map,True,target_coverage_gap_triage
pp_f,2025,continuous_contract_map,metadata_gap,missing_continuous_contract_map,True,target_coverage_gap_triage
pp_f,2026,continuous_contract_map,metadata_gap,missing_continuous_contract_map,True,target_coverage_gap_triage
pr,2024,continuous_contract_map,metadata_gap,missing_continuous_contract_map,True,target_coverage_gap_triage
pr,2025,continuous_contract_map,metadata_gap,missing_continuous_contract_map,True,target_coverage_gap_triage
pr,2026,continuous_contract_map,metadata_gap,missing_continuous_contract_map,True,target_coverage_gap_triage
ps,2024,continuous_contract_map,metadata_gap,missing_continuous_contract_map,True,target_coverage_gap_triage
ps,2025,continuous_contract_map,metadata_gap,missing_continuous_contract_map,True,target_coverage_gap_triage
ps,2026,continuous_contract_map,metadata_gap,missing_continuous_contract_map,True,target_coverage_gap_triage
pt,2025,continuous_contract_map,metadata_gap,missing_continuous_contract_map,True,target_coverage_gap_triage
pt,2026,continuous_contract_map,metadata_gap,missing_continuous_contract_map,True,target_coverage_gap_triage
px,2023,contract_universe,metadata_gap,missing_contract_universe,True,target_coverage_gap_triage
px,2023,continuous_contract_map,metadata_gap,missing_continuous_contract_map,True,target_coverage_gap_triage
px,2024,continuous_contract_map,metadata_gap,missing_continuous_contract_map,True,target_coverage_gap_triage
px,2025,continuous_contract_map,metadata_gap,missing_continuous_contract_map,True,target_coverage_gap_triage
px,2026,continuous_contract_map,metadata_gap,missing_continuous_contract_map,True,target_coverage_gap_triage
rb,2020,contract_universe,metadata_gap,missing_contract_universe,True,target_coverage_gap_triage
rb,2020,continuous_contract_map,metadata_gap,missing_continuous_contract_map,True,target_coverage_gap_triage
rb,2021,contract_universe,metadata_gap,missing_contract_universe,True,target_coverage_gap_triage
rb,2021,continuous_contract_map,metadata_gap,missing_continuous_contract_map,True,target_coverage_gap_triage
rb,2022,contract_universe,metadata_gap,missing_contract_universe,True,target_coverage_gap_triage
rb,2022,continuous_contract_map,metadata_gap,missing_continuous_contract_map,True,target_coverage_gap_triage
rb,2023,contract_universe,metadata_gap,missing_contract_universe,True,target_coverage_gap_triage
rb,2023,continuous_contract_map,metadata_gap,missing_continuous_contract_map,True,target_coverage_gap_triage
rb,2024,continuous_contract_map,metadata_gap,missing_continuous_contract_map,True,target_coverage_gap_triage
rb,2025,continuous_contract_map,metadata_gap,missing_continuous_contract_map,True,target_coverage_gap_triage
rb,2026,continuous_contract_map,metadata_gap,missing_continuous_contract_map,True,target_coverage_gap_triage
ri,2020,contract_universe,metadata_gap,missing_contract_universe,True,target_coverage_gap_triage
ri,2020,continuous_contract_map,metadata_gap,missing_continuous_contract_map,True,target_coverage_gap_triage
ri,2021,contract_universe,metadata_gap,missing_contract_universe,True,target_coverage_gap_triage
ri,2021,continuous_contract_map,metadata_gap,missing_continuous_contract_map,True,target_coverage_gap_triage
ri,2022,contract_universe,metadata_gap,missing_contract_universe,True,target_coverage_gap_triage
ri,2022,continuous_contract_map,metadata_gap,missing_continuous_contract_map,True,target_coverage_gap_triage
ri,2023,contract_universe,metadata_gap,missing_contract_universe,True,target_coverage_gap_triage
ri,2023,continuous_contract_map,metadata_gap,missing_continuous_contract_map,True,target_coverage_gap_triage
ri,2024,continuous_contract_map,metadata_gap,missing_continuous_contract_map,True,target_coverage_gap_triage
ri,2025,continuous_contract_map,metadata_gap,missing_continuous_contract_map,True,target_coverage_gap_triage
ri,2026,continuous_contract_map,metadata_gap,missing_continuous_contract_map,True,target_coverage_gap_triage
rm,2020,contract_universe,metadata_gap,missing_contract_universe,True,target_coverage_gap_triage
rm,2020,continuous_contract_map,metadata_gap,missing_continuous_contract_map,True,target_coverage_gap_triage
rm,2021,contract_universe,metadata_gap,missing_contract_universe,True,target_coverage_gap_triage
rm,2021,continuous_contract_map,metadata_gap,missing_continuous_contract_map,True,target_coverage_gap_triage
rm,2022,contract_universe,metadata_gap,missing_contract_universe,True,target_coverage_gap_triage
rm,2022,continuous_contract_map,metadata_gap,missing_continuous_contract_map,True,target_coverage_gap_triage
rm,2023,contract_universe,metadata_gap,missing_contract_universe,True,target_coverage_gap_triage
rm,2023,continuous_contract_map,metadata_gap,missing_continuous_contract_map,True,target_coverage_gap_triage
rm,2024,continuous_contract_map,metadata_gap,missing_continuous_contract_map,True,target_coverage_gap_triage
rm,2025,continuous_contract_map,metadata_gap,missing_continuous_contract_map,True,target_coverage_gap_triage
rm,2026,continuous_contract_map,metadata_gap,missing_continuous_contract_map,True,target_coverage_gap_triage
rr,2020,contract_universe,metadata_gap,missing_contract_universe,True,target_coverage_gap_triage
rr,2020,continuous_contract_map,metadata_gap,missing_continuous_contract_map,True,target_coverage_gap_triage
rr,2021,contract_universe,metadata_gap,missing_contract_universe,True,target_coverage_gap_triage
rr,2021,continuous_contract_map,metadata_gap,missing_continuous_contract_map,True,target_coverage_gap_triage
rr,2022,contract_universe,metadata_gap,missing_contract_universe,True,target_coverage_gap_triage
rr,2022,continuous_contract_map,metadata_gap,missing_continuous_contract_map,True,target_coverage_gap_triage
rr,2023,contract_universe,metadata_gap,missing_contract_universe,True,target_coverage_gap_triage
rr,2023,continuous_contract_map,metadata_gap,missing_continuous_contract_map,True,target_coverage_gap_triage
rr,2024,continuous_contract_map,metadata_gap,missing_continuous_contract_map,True,target_coverage_gap_triage
rr,2025,continuous_contract_map,metadata_gap,missing_continuous_contract_map,True,target_coverage_gap_triage
rr,2026,continuous_contract_map,metadata_gap,missing_continuous_contract_map,True,target_coverage_gap_triage
rs,2020,contract_universe,metadata_gap,missing_contract_universe,True,target_coverage_gap_triage
rs,2020,continuous_contract_map,metadata_gap,missing_continuous_contract_map,True,target_coverage_gap_triage
rs,2021,contract_universe,metadata_gap,missing_contract_universe,True,target_coverage_gap_triage
rs,2021,continuous_contract_map,metadata_gap,missing_continuous_contract_map,True,target_coverage_gap_triage
rs,2022,contract_universe,metadata_gap,missing_contract_universe,True,target_coverage_gap_triage
rs,2022,continuous_contract_map,metadata_gap,missing_continuous_contract_map,True,target_coverage_gap_triage
rs,2023,contract_universe,metadata_gap,missing_contract_universe,True,target_coverage_gap_triage
rs,2023,continuous_contract_map,metadata_gap,missing_continuous_contract_map,True,target_coverage_gap_triage
rs,2024,continuous_contract_map,metadata_gap,missing_continuous_contract_map,True,target_coverage_gap_triage
rs,2025,continuous_contract_map,metadata_gap,missing_continuous_contract_map,True,target_coverage_gap_triage
rs,2026,continuous_contract_map,metadata_gap,missing_continuous_contract_map,True,target_coverage_gap_triage
ru,2020,contract_universe,metadata_gap,missing_contract_universe,True,target_coverage_gap_triage
ru,2020,continuous_contract_map,metadata_gap,missing_continuous_contract_map,True,target_coverage_gap_triage
ru,2021,contract_universe,metadata_gap,missing_contract_universe,True,target_coverage_gap_triage
ru,2021,continuous_contract_map,metadata_gap,missing_continuous_contract_map,True,target_coverage_gap_triage
ru,2022,contract_universe,metadata_gap,missing_contract_universe,True,target_coverage_gap_triage
ru,2022,continuous_contract_map,metadata_gap,missing_continuous_contract_map,True,target_coverage_gap_triage
ru,2023,contract_universe,metadata_gap,missing_contract_universe,True,target_coverage_gap_triage
ru,2023,continuous_contract_map,metadata_gap,missing_continuous_contract_map,True,target_coverage_gap_triage
ru,2024,continuous_contract_map,metadata_gap,missing_continuous_contract_map,True,target_coverage_gap_triage
ru,2025,continuous_contract_map,metadata_gap,missing_continuous_contract_map,True,target_coverage_gap_triage
ru,2026,continuous_contract_map,metadata_gap,missing_continuous_contract_map,True,target_coverage_gap_triage
sa,2020,contract_universe,metadata_gap,missing_contract_universe,True,target_coverage_gap_triage
sa,2020,continuous_contract_map,metadata_gap,missing_continuous_contract_map,True,target_coverage_gap_triage
sa,2021,contract_universe,metadata_gap,missing_contract_universe,True,target_coverage_gap_triage
sa,2021,continuous_contract_map,metadata_gap,missing_continuous_contract_map,True,target_coverage_gap_triage
sa,2022,contract_universe,metadata_gap,missing_contract_universe,True,target_coverage_gap_triage
sa,2022,continuous_contract_map,metadata_gap,missing_continuous_contract_map,True,target_coverage_gap_triage
sa,2023,contract_universe,metadata_gap,missing_contract_universe,True,target_coverage_gap_triage
sa,2023,continuous_contract_map,metadata_gap,missing_continuous_contract_map,True,target_coverage_gap_triage
sa,2024,continuous_contract_map,metadata_gap,missing_continuous_contract_map,True,target_coverage_gap_triage
sa,2025,continuous_contract_map,metadata_gap,missing_continuous_contract_map,True,target_coverage_gap_triage
sa,2026,continuous_contract_map,metadata_gap,missing_continuous_contract_map,True,target_coverage_gap_triage
sc,2020,contract_universe,metadata_gap,missing_contract_universe,True,target_coverage_gap_triage
sc,2020,continuous_contract_map,metadata_gap,missing_continuous_contract_map,True,target_coverage_gap_triage
sc,2021,contract_universe,metadata_gap,missing_contract_universe,True,target_coverage_gap_triage
sc,2021,continuous_contract_map,metadata_gap,missing_continuous_contract_map,True,target_coverage_gap_triage
sc,2022,contract_universe,metadata_gap,missing_contract_universe,True,target_coverage_gap_triage
sc,2022,continuous_contract_map,metadata_gap,missing_continuous_contract_map,True,target_coverage_gap_triage
sc,2023,contract_universe,metadata_gap,missing_contract_universe,True,target_coverage_gap_triage
sc,2023,continuous_contract_map,metadata_gap,missing_continuous_contract_map,True,target_coverage_gap_triage
sc,2024,continuous_contract_map,metadata_gap,missing_continuous_contract_map,True,target_coverage_gap_triage
sc,2025,continuous_contract_map,metadata_gap,missing_continuous_contract_map,True,target_coverage_gap_triage
sc,2026,continuous_contract_map,metadata_gap,missing_continuous_contract_map,True,target_coverage_gap_triage
sf,2020,contract_universe,metadata_gap,missing_contract_universe,True,target_coverage_gap_triage
sf,2020,continuous_contract_map,metadata_gap,missing_continuous_contract_map,True,target_coverage_gap_triage
sf,2021,contract_universe,metadata_gap,missing_contract_universe,True,target_coverage_gap_triage
sf,2021,continuous_contract_map,metadata_gap,missing_continuous_contract_map,True,target_coverage_gap_triage
sf,2022,contract_universe,metadata_gap,missing_contract_universe,True,target_coverage_gap_triage
sf,2022,continuous_contract_map,metadata_gap,missing_continuous_contract_map,True,target_coverage_gap_triage
sf,2023,contract_universe,metadata_gap,missing_contract_universe,True,target_coverage_gap_triage
sf,2023,continuous_contract_map,metadata_gap,missing_continuous_contract_map,True,target_coverage_gap_triage
sf,2024,continuous_contract_map,metadata_gap,missing_continuous_contract_map,True,target_coverage_gap_triage
sf,2025,continuous_contract_map,metadata_gap,missing_continuous_contract_map,True,target_coverage_gap_triage
sf,2026,continuous_contract_map,metadata_gap,missing_continuous_contract_map,True,target_coverage_gap_triage
sh,2023,contract_universe,metadata_gap,missing_contract_universe,True,target_coverage_gap_triage
sh,2023,continuous_contract_map,metadata_gap,missing_continuous_contract_map,True,target_coverage_gap_triage
sh,2024,continuous_contract_map,metadata_gap,missing_continuous_contract_map,True,target_coverage_gap_triage
sh,2025,continuous_contract_map,metadata_gap,missing_continuous_contract_map,True,target_coverage_gap_triage
sh,2026,continuous_contract_map,metadata_gap,missing_continuous_contract_map,True,target_coverage_gap_triage
si,2022,contract_universe,metadata_gap,missing_contract_universe,True,target_coverage_gap_triage
si,2022,continuous_contract_map,metadata_gap,missing_continuous_contract_map,True,target_coverage_gap_triage
si,2023,contract_universe,metadata_gap,missing_contract_universe,True,target_coverage_gap_triage
si,2023,continuous_contract_map,metadata_gap,missing_continuous_contract_map,True,target_coverage_gap_triage
si,2024,continuous_contract_map,metadata_gap,missing_continuous_contract_map,True,target_coverage_gap_triage
si,2025,continuous_contract_map,metadata_gap,missing_continuous_contract_map,True,target_coverage_gap_triage
si,2026,continuous_contract_map,metadata_gap,missing_continuous_contract_map,True,target_coverage_gap_triage
sm,2020,contract_universe,metadata_gap,missing_contract_universe,True,target_coverage_gap_triage
sm,2020,continuous_contract_map,metadata_gap,missing_continuous_contract_map,True,target_coverage_gap_triage
sm,2021,contract_universe,metadata_gap,missing_contract_universe,True,target_coverage_gap_triage
sm,2021,continuous_contract_map,metadata_gap,missing_continuous_contract_map,True,target_coverage_gap_triage
sm,2022,contract_universe,metadata_gap,missing_contract_universe,True,target_coverage_gap_triage
sm,2022,continuous_contract_map,metadata_gap,missing_continuous_contract_map,True,target_coverage_gap_triage
sm,2023,contract_universe,metadata_gap,missing_contract_universe,True,target_coverage_gap_triage
sm,2023,continuous_contract_map,metadata_gap,missing_continuous_contract_map,True,target_coverage_gap_triage
sm,2024,continuous_contract_map,metadata_gap,missing_continuous_contract_map,True,target_coverage_gap_triage
sm,2025,continuous_contract_map,metadata_gap,missing_continuous_contract_map,True,target_coverage_gap_triage
sm,2026,continuous_contract_map,metadata_gap,missing_continuous_contract_map,True,target_coverage_gap_triage
sn,2020,contract_universe,metadata_gap,missing_contract_universe,True,target_coverage_gap_triage
sn,2020,continuous_contract_map,metadata_gap,missing_continuous_contract_map,True,target_coverage_gap_triage
sn,2021,contract_universe,metadata_gap,missing_contract_universe,True,target_coverage_gap_triage
sn,2021,continuous_contract_map,metadata_gap,missing_continuous_contract_map,True,target_coverage_gap_triage
sn,2022,contract_universe,metadata_gap,missing_contract_universe,True,target_coverage_gap_triage
sn,2022,continuous_contract_map,metadata_gap,missing_continuous_contract_map,True,target_coverage_gap_triage
sn,2023,contract_universe,metadata_gap,missing_contract_universe,True,target_coverage_gap_triage
sn,2023,continuous_contract_map,metadata_gap,missing_continuous_contract_map,True,target_coverage_gap_triage
sn,2024,continuous_contract_map,metadata_gap,missing_continuous_contract_map,True,target_coverage_gap_triage
sn,2025,continuous_contract_map,metadata_gap,missing_continuous_contract_map,True,target_coverage_gap_triage
sn,2026,continuous_contract_map,metadata_gap,missing_continuous_contract_map,True,target_coverage_gap_triage
sp,2020,contract_universe,metadata_gap,missing_contract_universe,True,target_coverage_gap_triage
sp,2020,continuous_contract_map,metadata_gap,missing_continuous_contract_map,True,target_coverage_gap_triage
sp,2021,contract_universe,metadata_gap,missing_contract_universe,True,target_coverage_gap_triage
sp,2021,continuous_contract_map,metadata_gap,missing_continuous_contract_map,True,target_coverage_gap_triage
sp,2022,contract_universe,metadata_gap,missing_contract_universe,True,target_coverage_gap_triage
sp,2022,continuous_contract_map,metadata_gap,missing_continuous_contract_map,True,target_coverage_gap_triage
sp,2023,contract_universe,metadata_gap,missing_contract_universe,True,target_coverage_gap_triage
sp,2023,continuous_contract_map,metadata_gap,missing_continuous_contract_map,True,target_coverage_gap_triage
sp,2024,continuous_contract_map,metadata_gap,missing_continuous_contract_map,True,target_coverage_gap_triage
sp,2025,continuous_contract_map,metadata_gap,missing_continuous_contract_map,True,target_coverage_gap_triage
sp,2026,continuous_contract_map,metadata_gap,missing_continuous_contract_map,True,target_coverage_gap_triage
sr,2020,contract_universe,metadata_gap,missing_contract_universe,True,target_coverage_gap_triage
sr,2020,continuous_contract_map,metadata_gap,missing_continuous_contract_map,True,target_coverage_gap_triage
sr,2021,contract_universe,metadata_gap,missing_contract_universe,True,target_coverage_gap_triage
sr,2021,continuous_contract_map,metadata_gap,missing_continuous_contract_map,True,target_coverage_gap_triage
sr,2022,contract_universe,metadata_gap,missing_contract_universe,True,target_coverage_gap_triage
sr,2022,continuous_contract_map,metadata_gap,missing_continuous_contract_map,True,target_coverage_gap_triage
sr,2023,contract_universe,metadata_gap,missing_contract_universe,True,target_coverage_gap_triage
sr,2023,continuous_contract_map,metadata_gap,missing_continuous_contract_map,True,target_coverage_gap_triage
sr,2024,continuous_contract_map,metadata_gap,missing_continuous_contract_map,True,target_coverage_gap_triage
sr,2025,continuous_contract_map,metadata_gap,missing_continuous_contract_map,True,target_coverage_gap_triage
sr,2026,continuous_contract_map,metadata_gap,missing_continuous_contract_map,True,target_coverage_gap_triage
ss,2020,contract_universe,metadata_gap,missing_contract_universe,True,target_coverage_gap_triage
ss,2020,continuous_contract_map,metadata_gap,missing_continuous_contract_map,True,target_coverage_gap_triage
ss,2021,contract_universe,metadata_gap,missing_contract_universe,True,target_coverage_gap_triage
ss,2021,continuous_contract_map,metadata_gap,missing_continuous_contract_map,True,target_coverage_gap_triage
ss,2022,contract_universe,metadata_gap,missing_contract_universe,True,target_coverage_gap_triage
ss,2022,continuous_contract_map,metadata_gap,missing_continuous_contract_map,True,target_coverage_gap_triage
ss,2023,contract_universe,metadata_gap,missing_contract_universe,True,target_coverage_gap_triage
ss,2023,continuous_contract_map,metadata_gap,missing_continuous_contract_map,True,target_coverage_gap_triage
ss,2024,continuous_contract_map,metadata_gap,missing_continuous_contract_map,True,target_coverage_gap_triage
ss,2025,continuous_contract_map,metadata_gap,missing_continuous_contract_map,True,target_coverage_gap_triage
ss,2026,continuous_contract_map,metadata_gap,missing_continuous_contract_map,True,target_coverage_gap_triage
t,2020,contract_universe,metadata_gap,missing_contract_universe,True,target_coverage_gap_triage
t,2020,continuous_contract_map,metadata_gap,missing_continuous_contract_map,True,target_coverage_gap_triage
t,2021,contract_universe,metadata_gap,missing_contract_universe,True,target_coverage_gap_triage
t,2021,continuous_contract_map,metadata_gap,missing_continuous_contract_map,True,target_coverage_gap_triage
t,2022,contract_universe,metadata_gap,missing_contract_universe,True,target_coverage_gap_triage
t,2022,continuous_contract_map,metadata_gap,missing_continuous_contract_map,True,target_coverage_gap_triage
t,2023,contract_universe,metadata_gap,missing_contract_universe,True,target_coverage_gap_triage
t,2023,continuous_contract_map,metadata_gap,missing_continuous_contract_map,True,target_coverage_gap_triage
t,2024,continuous_contract_map,metadata_gap,missing_continuous_contract_map,True,target_coverage_gap_triage
t,2025,continuous_contract_map,metadata_gap,missing_continuous_contract_map,True,target_coverage_gap_triage
t,2026,continuous_contract_map,metadata_gap,missing_continuous_contract_map,True,target_coverage_gap_triage
ta,2020,contract_universe,metadata_gap,missing_contract_universe,True,target_coverage_gap_triage
ta,2020,continuous_contract_map,metadata_gap,missing_continuous_contract_map,True,target_coverage_gap_triage
ta,2021,contract_universe,metadata_gap,missing_contract_universe,True,target_coverage_gap_triage
ta,2021,continuous_contract_map,metadata_gap,missing_continuous_contract_map,True,target_coverage_gap_triage
ta,2022,contract_universe,metadata_gap,missing_contract_universe,True,target_coverage_gap_triage
ta,2022,continuous_contract_map,metadata_gap,missing_continuous_contract_map,True,target_coverage_gap_triage
ta,2023,contract_universe,metadata_gap,missing_contract_universe,True,target_coverage_gap_triage
ta,2023,continuous_contract_map,metadata_gap,missing_continuous_contract_map,True,target_coverage_gap_triage
ta,2024,continuous_contract_map,metadata_gap,missing_continuous_contract_map,True,target_coverage_gap_triage
ta,2025,continuous_contract_map,metadata_gap,missing_continuous_contract_map,True,target_coverage_gap_triage
ta,2026,continuous_contract_map,metadata_gap,missing_continuous_contract_map,True,target_coverage_gap_triage
tf,2020,contract_universe,metadata_gap,missing_contract_universe,True,target_coverage_gap_triage
tf,2020,continuous_contract_map,metadata_gap,missing_continuous_contract_map,True,target_coverage_gap_triage
tf,2021,contract_universe,metadata_gap,missing_contract_universe,True,target_coverage_gap_triage
tf,2021,continuous_contract_map,metadata_gap,missing_continuous_contract_map,True,target_coverage_gap_triage
tf,2022,contract_universe,metadata_gap,missing_contract_universe,True,target_coverage_gap_triage
tf,2022,continuous_contract_map,metadata_gap,missing_continuous_contract_map,True,target_coverage_gap_triage
tf,2023,contract_universe,metadata_gap,missing_contract_universe,True,target_coverage_gap_triage
tf,2023,continuous_contract_map,metadata_gap,missing_continuous_contract_map,True,target_coverage_gap_triage
tf,2024,continuous_contract_map,metadata_gap,missing_continuous_contract_map,True,target_coverage_gap_triage
tf,2025,continuous_contract_map,metadata_gap,missing_continuous_contract_map,True,target_coverage_gap_triage
tf,2026,continuous_contract_map,metadata_gap,missing_continuous_contract_map,True,target_coverage_gap_triage
tl,2023,contract_universe,metadata_gap,missing_contract_universe,True,target_coverage_gap_triage
tl,2023,continuous_contract_map,metadata_gap,missing_continuous_contract_map,True,target_coverage_gap_triage
tl,2024,continuous_contract_map,metadata_gap,missing_continuous_contract_map,True,target_coverage_gap_triage
tl,2025,continuous_contract_map,metadata_gap,missing_continuous_contract_map,True,target_coverage_gap_triage
tl,2026,continuous_contract_map,metadata_gap,missing_continuous_contract_map,True,target_coverage_gap_triage
ts,2020,contract_universe,metadata_gap,missing_contract_universe,True,target_coverage_gap_triage
ts,2020,continuous_contract_map,metadata_gap,missing_continuous_contract_map,True,target_coverage_gap_triage
ts,2021,contract_universe,metadata_gap,missing_contract_universe,True,target_coverage_gap_triage
ts,2021,continuous_contract_map,metadata_gap,missing_continuous_contract_map,True,target_coverage_gap_triage
ts,2022,contract_universe,metadata_gap,missing_contract_universe,True,target_coverage_gap_triage
ts,2022,continuous_contract_map,metadata_gap,missing_continuous_contract_map,True,target_coverage_gap_triage
ts,2023,contract_universe,metadata_gap,missing_contract_universe,True,target_coverage_gap_triage
ts,2023,continuous_contract_map,metadata_gap,missing_continuous_contract_map,True,target_coverage_gap_triage
ts,2024,continuous_contract_map,metadata_gap,missing_continuous_contract_map,True,target_coverage_gap_triage
ts,2025,continuous_contract_map,metadata_gap,missing_continuous_contract_map,True,target_coverage_gap_triage
ts,2026,continuous_contract_map,metadata_gap,missing_continuous_contract_map,True,target_coverage_gap_triage
ur,2020,contract_universe,metadata_gap,missing_contract_universe,True,target_coverage_gap_triage
ur,2020,continuous_contract_map,metadata_gap,missing_continuous_contract_map,True,target_coverage_gap_triage
ur,2021,contract_universe,metadata_gap,missing_contract_universe,True,target_coverage_gap_triage
ur,2021,continuous_contract_map,metadata_gap,missing_continuous_contract_map,True,target_coverage_gap_triage
ur,2022,contract_universe,metadata_gap,missing_contract_universe,True,target_coverage_gap_triage
ur,2022,continuous_contract_map,metadata_gap,missing_continuous_contract_map,True,target_coverage_gap_triage
ur,2023,contract_universe,metadata_gap,missing_contract_universe,True,target_coverage_gap_triage
ur,2023,continuous_contract_map,metadata_gap,missing_continuous_contract_map,True,target_coverage_gap_triage
ur,2024,continuous_contract_map,metadata_gap,missing_continuous_contract_map,True,target_coverage_gap_triage
ur,2025,continuous_contract_map,metadata_gap,missing_continuous_contract_map,True,target_coverage_gap_triage
ur,2026,continuous_contract_map,metadata_gap,missing_continuous_contract_map,True,target_coverage_gap_triage
v,2020,contract_universe,metadata_gap,missing_contract_universe,True,target_coverage_gap_triage
v,2020,continuous_contract_map,metadata_gap,missing_continuous_contract_map,True,target_coverage_gap_triage
v,2021,contract_universe,metadata_gap,missing_contract_universe,True,target_coverage_gap_triage
v,2021,continuous_contract_map,metadata_gap,missing_continuous_contract_map,True,target_coverage_gap_triage
v,2022,contract_universe,metadata_gap,missing_contract_universe,True,target_coverage_gap_triage
v,2022,continuous_contract_map,metadata_gap,missing_continuous_contract_map,True,target_coverage_gap_triage
v,2023,contract_universe,metadata_gap,missing_contract_universe,True,target_coverage_gap_triage
v,2023,continuous_contract_map,metadata_gap,missing_continuous_contract_map,True,target_coverage_gap_triage
v,2024,continuous_contract_map,metadata_gap,missing_continuous_contract_map,True,target_coverage_gap_triage
v,2025,continuous_contract_map,metadata_gap,missing_continuous_contract_map,True,target_coverage_gap_triage
v,2026,continuous_contract_map,metadata_gap,missing_continuous_contract_map,True,target_coverage_gap_triage
v_f,2025,continuous_contract_map,metadata_gap,missing_continuous_contract_map,True,target_coverage_gap_triage
v_f,2026,continuous_contract_map,metadata_gap,missing_continuous_contract_map,True,target_coverage_gap_triage
wh,2020,contract_universe,metadata_gap,missing_contract_universe,True,target_coverage_gap_triage
wh,2020,continuous_contract_map,metadata_gap,missing_continuous_contract_map,True,target_coverage_gap_triage
wh,2021,contract_universe,metadata_gap,missing_contract_universe,True,target_coverage_gap_triage
wh,2021,continuous_contract_map,metadata_gap,missing_continuous_contract_map,True,target_coverage_gap_triage
wh,2022,contract_universe,metadata_gap,missing_contract_universe,True,target_coverage_gap_triage
wh,2022,continuous_contract_map,metadata_gap,missing_continuous_contract_map,True,target_coverage_gap_triage
wh,2023,contract_universe,metadata_gap,missing_contract_universe,True,target_coverage_gap_triage
wh,2023,continuous_contract_map,metadata_gap,missing_continuous_contract_map,True,target_coverage_gap_triage
wh,2024,continuous_contract_map,metadata_gap,missing_continuous_contract_map,True,target_coverage_gap_triage
wh,2025,continuous_contract_map,metadata_gap,missing_continuous_contract_map,True,target_coverage_gap_triage
wh,2026,continuous_contract_map,metadata_gap,missing_continuous_contract_map,True,target_coverage_gap_triage
wr,2020,contract_universe,metadata_gap,missing_contract_universe,True,target_coverage_gap_triage
wr,2020,continuous_contract_map,metadata_gap,missing_continuous_contract_map,True,target_coverage_gap_triage
wr,2021,contract_universe,metadata_gap,missing_contract_universe,True,target_coverage_gap_triage
wr,2021,continuous_contract_map,metadata_gap,missing_continuous_contract_map,True,target_coverage_gap_triage
wr,2022,contract_universe,metadata_gap,missing_contract_universe,True,target_coverage_gap_triage
wr,2022,continuous_contract_map,metadata_gap,missing_continuous_contract_map,True,target_coverage_gap_triage
wr,2023,contract_universe,metadata_gap,missing_contract_universe,True,target_coverage_gap_triage
wr,2023,continuous_contract_map,metadata_gap,missing_continuous_contract_map,True,target_coverage_gap_triage
wr,2024,continuous_contract_map,metadata_gap,missing_continuous_contract_map,True,target_coverage_gap_triage
wr,2025,continuous_contract_map,metadata_gap,missing_continuous_contract_map,True,target_coverage_gap_triage
wr,2026,continuous_contract_map,metadata_gap,missing_continuous_contract_map,True,target_coverage_gap_triage
y,2020,contract_universe,metadata_gap,missing_contract_universe,True,target_coverage_gap_triage
y,2020,continuous_contract_map,metadata_gap,missing_continuous_contract_map,True,target_coverage_gap_triage
y,2021,contract_universe,metadata_gap,missing_contract_universe,True,target_coverage_gap_triage
y,2021,continuous_contract_map,metadata_gap,missing_continuous_contract_map,True,target_coverage_gap_triage
y,2022,contract_universe,metadata_gap,missing_contract_universe,True,target_coverage_gap_triage
y,2022,continuous_contract_map,metadata_gap,missing_continuous_contract_map,True,target_coverage_gap_triage
y,2023,contract_universe,metadata_gap,missing_contract_universe,True,target_coverage_gap_triage
y,2023,continuous_contract_map,metadata_gap,missing_continuous_contract_map,True,target_coverage_gap_triage
y,2024,continuous_contract_map,metadata_gap,missing_continuous_contract_map,True,target_coverage_gap_triage
y,2025,continuous_contract_map,metadata_gap,missing_continuous_contract_map,True,target_coverage_gap_triage
y,2026,continuous_contract_map,metadata_gap,missing_continuous_contract_map,True,target_coverage_gap_triage
zc,2020,contract_universe,metadata_gap,missing_contract_universe,True,target_coverage_gap_triage
zc,2020,continuous_contract_map,metadata_gap,missing_continuous_contract_map,True,target_coverage_gap_triage
zc,2021,contract_universe,metadata_gap,missing_contract_universe,True,target_coverage_gap_triage
zc,2021,continuous_contract_map,metadata_gap,missing_continuous_contract_map,True,target_coverage_gap_triage
zc,2022,contract_universe,metadata_gap,missing_contract_universe,True,target_coverage_gap_triage
zc,2022,continuous_contract_map,metadata_gap,missing_continuous_contract_map,True,target_coverage_gap_triage
zc,2023,contract_universe,metadata_gap,missing_contract_universe,True,target_coverage_gap_triage
zc,2023,continuous_contract_map,metadata_gap,missing_continuous_contract_map,True,target_coverage_gap_triage
zc,2024,continuous_contract_map,metadata_gap,missing_continuous_contract_map,True,target_coverage_gap_triage
zc,2025,continuous_contract_map,metadata_gap,missing_continuous_contract_map,True,target_coverage_gap_triage
zc,2026,continuous_contract_map,metadata_gap,missing_continuous_contract_map,True,target_coverage_gap_triage
zn,2020,contract_universe,metadata_gap,missing_contract_universe,True,target_coverage_gap_triage
zn,2020,continuous_contract_map,metadata_gap,missing_continuous_contract_map,True,target_coverage_gap_triage
zn,2021,contract_universe,metadata_gap,missing_contract_universe,True,target_coverage_gap_triage
zn,2021,continuous_contract_map,metadata_gap,missing_continuous_contract_map,True,target_coverage_gap_triage
zn,2022,contract_universe,metadata_gap,missing_contract_universe,True,target_coverage_gap_triage
zn,2022,continuous_contract_map,metadata_gap,missing_continuous_contract_map,True,target_coverage_gap_triage
zn,2023,contract_universe,metadata_gap,missing_contract_universe,True,target_coverage_gap_triage
zn,2023,continuous_contract_map,metadata_gap,missing_continuous_contract_map,True,target_coverage_gap_triage
zn,2024,continuous_contract_map,metadata_gap,missing_continuous_contract_map,True,target_coverage_gap_triage
zn,2025,continuous_contract_map,metadata_gap,missing_continuous_contract_map,True,target_coverage_gap_triage
zn,2026,continuous_contract_map,metadata_gap,missing_continuous_contract_map,True,target_coverage_gap_triage
