datetime,datetime_nano,DCE.jm2305.open,DCE.jm2305.high,DCE.jm2305.low,DCE.jm2305.close,DCE.jm2305.volume,DCE.jm2305.open_oi,DCE.jm2305.close_oi
2022-11-25 21:00:00.000000000,1669381200000000000,1695.0,1699.5,1688.5,1694.0,357,32182,32133
2022-11-25 21:01:00.000000000,1669381260000000000,1694.0,1696.5,1693.5,1695.5,124,32133,32122
2022-11-25 21:02:00.000000000,1669381320000000000,1695.5,1697.0,1692.5,1693.5,180,32122,32142
2022-11-25 21:03:00.000000000,1669381380000000000,1693.5,1696.5,1693.5,1696.0,114,32142,32178
2022-11-25 21:04:00.000000000,1669381440000000000,1696.0,1696.5,1690.5,1690.5,92,32178,32196
2022-11-25 21:05:00.000000000,1669381500000000000,1690.5,1693.5,1690.5,1693.0,93,32196,32179
2022-11-25 21:06:00.000000000,1669381560000000000,1693.0,1693.0,1690.5,1692.5,45,32179,32181
2022-11-25 21:07:00.000000000,1669381620000000000,1692.5,1695.0,1692.5,1693.5,78,32181,32164
2022-11-25 21:08:00.000000000,1669381680000000000,1693.5,1693.5,1690.0,1690.0,76,32164,32167
2022-11-25 21:09:00.000000000,1669381740000000000,1690.0,1692.0,1689.5,1689.5,51,32167,32187
2022-11-25 21:10:00.000000000,1669381800000000000,1689.5,1693.5,1689.0,1692.5,38,32187,32192
2022-11-25 21:11:00.000000000,1669381860000000000,1692.5,1692.5,1691.0,1691.0,25,32192,32199
2022-11-25 21:12:00.000000000,1669381920000000000,1691.0,1693.0,1691.0,1692.0,30,32199,32210
2022-11-25 21:13:00.000000000,1669381980000000000,1692.0,1692.0,1688.5,1689.5,68,32210,32212
2022-11-25 21:14:00.000000000,1669382040000000000,1689.5,1690.0,1686.0,1687.0,87,32212,32235
2022-11-25 21:15:00.000000000,1669382100000000000,1687.0,1688.0,1685.5,1687.0,51,32235,32233
2022-11-25 21:16:00.000000000,1669382160000000000,1687.0,1687.5,1684.0,1686.0,50,32233,32236
2022-11-25 21:17:00.000000000,1669382220000000000,1686.0,1687.0,1684.5,1684.5,31,32236,32237
2022-11-25 21:18:00.000000000,1669382280000000000,1684.5,1684.5,1682.5,1682.5,51,32237,32233
2022-11-25 21:19:00.000000000,1669382340000000000,1682.5,1683.5,1679.0,1679.5,127,32233,32253
2022-11-25 21:20:00.000000000,1669382400000000000,1679.5,1683.5,1679.5,1683.5,55,32253,32259
2022-11-25 21:21:00.000000000,1669382460000000000,1683.5,1684.0,1683.0,1684.0,34,32259,32282
2022-11-25 21:22:00.000000000,1669382520000000000,1684.0,1684.5,1683.0,1683.5,27,32282,32291
2022-11-25 21:23:00.000000000,1669382580000000000,1683.5,1685.0,1683.0,1684.0,36,32291,32305
2022-11-25 21:24:00.000000000,1669382640000000000,1684.0,1684.5,1683.0,1683.0,21,32305,32311
2022-11-25 21:25:00.000000000,1669382700000000000,1683.0,1684.5,1683.0,1684.0,6,32311,32314
2022-11-25 21:26:00.000000000,1669382760000000000,1684.0,1684.0,1680.0,1681.5,80,32314,32336
2022-11-25 21:27:00.000000000,1669382820000000000,1681.5,1683.5,1681.0,1681.0,41,32336,32359
2022-11-25 21:28:00.000000000,1669382880000000000,1681.0,1682.0,1681.0,1681.5,20,32359,32369
2022-11-25 21:29:00.000000000,1669382940000000000,1681.5,1681.5,1679.5,1680.0,80,32369,32382
2022-11-25 21:30:00.000000000,1669383000000000000,1680.0,1683.0,1680.0,1683.0,24,32382,32390
2022-11-25 21:31:00.000000000,1669383060000000000,1683.0,1684.0,1683.0,1683.0,10,32390,32393
2022-11-25 21:32:00.000000000,1669383120000000000,1683.0,1683.5,1682.5,1682.5,24,32393,32404
2022-11-25 21:33:00.000000000,1669383180000000000,1682.5,1683.0,1681.5,1683.0,14,32404,32406
2022-11-25 21:34:00.000000000,1669383240000000000,1683.0,1683.0,1680.0,1682.0,52,32406,32439
2022-11-25 21:35:00.000000000,1669383300000000000,1682.0,1682.5,1681.5,1682.5,8,32439,32442
2022-11-25 21:36:00.000000000,1669383360000000000,1682.5,1682.5,1682.0,1682.5,5,32442,32441
2022-11-25 21:37:00.000000000,1669383420000000000,1682.5,1683.0,1682.5,1683.0,18,32441,32437
2022-11-25 21:38:00.000000000,1669383480000000000,1683.0,1684.5,1682.5,1684.0,17,32437,32439
2022-11-25 21:39:00.000000000,1669383540000000000,1684.0,1684.5,1683.0,1684.0,12,32439,32445
2022-11-25 21:40:00.000000000,1669383600000000000,1684.0,1684.0,1681.5,1682.5,15,32445,32453
2022-11-25 21:41:00.000000000,1669383660000000000,1682.5,1682.5,1679.0,1679.0,76,32453,32466
2022-11-25 21:42:00.000000000,1669383720000000000,1679.0,1680.0,1678.5,1679.0,69,32466,32492
2022-11-25 21:43:00.000000000,1669383780000000000,1679.0,1679.0,1676.0,1676.0,77,32492,32502
2022-11-25 21:44:00.000000000,1669383840000000000,1676.0,1677.5,1674.5,1677.5,57,32502,32510
2022-11-25 21:45:00.000000000,1669383900000000000,1677.5,1677.5,1675.0,1676.0,42,32510,32526
2022-11-25 21:46:00.000000000,1669383960000000000,1676.0,1677.5,1676.0,1677.5,22,32526,32542
2022-11-25 21:47:00.000000000,1669384020000000000,1677.5,1679.5,1677.5,1679.5,23,32542,32548
2022-11-25 21:48:00.000000000,1669384080000000000,1679.5,1680.0,1679.0,1680.0,10,32548,32554
2022-11-25 21:49:00.000000000,1669384140000000000,1680.0,1680.5,1679.5,1679.5,59,32554,32571
2022-11-25 21:50:00.000000000,1669384200000000000,1679.5,1680.5,1679.0,1680.5,21,32571,32578
2022-11-25 21:51:00.000000000,1669384260000000000,1680.5,1681.5,1680.5,1681.5,12,32578,32577
2022-11-25 21:52:00.000000000,1669384320000000000,1681.5,1681.5,1680.0,1680.0,29,32577,32570
2022-11-25 21:53:00.000000000,1669384380000000000,1680.0,1680.0,1678.0,1679.0,23,32570,32581
2022-11-25 21:54:00.000000000,1669384440000000000,1679.0,1679.0,1677.0,1677.0,32,32581,32597
2022-11-25 21:55:00.000000000,1669384500000000000,1677.0,1677.5,1676.0,1676.0,44,32597,32625
2022-11-25 21:56:00.000000000,1669384560000000000,1676.0,1678.5,1676.0,1677.5,106,32625,32682
2022-11-25 21:57:00.000000000,1669384620000000000,1677.5,1682.0,1677.5,1682.0,64,32682,32713
2022-11-25 21:58:00.000000000,1669384680000000000,1682.0,1682.0,1679.5,1679.5,32,32713,32725
2022-11-25 21:59:00.000000000,1669384740000000000,1679.5,1683.5,1679.0,1681.5,32,32725,32742
2022-11-25 22:00:00.000000000,1669384800000000000,1681.5,1681.5,1679.0,1681.5,28,32742,32749
2022-11-25 22:01:00.000000000,1669384860000000000,1681.5,1681.5,1679.0,1681.5,28,32749,32760
2022-11-25 22:02:00.000000000,1669384920000000000,1681.5,1682.0,1680.5,1682.0,21,32760,32762
2022-11-25 22:03:00.000000000,1669384980000000000,1682.0,1683.5,1681.0,1683.5,58,32762,32771
2022-11-25 22:04:00.000000000,1669385040000000000,1683.5,1684.0,1682.5,1683.5,45,32771,32775
2022-11-25 22:05:00.000000000,1669385100000000000,1683.5,1683.5,1681.5,1683.0,21,32775,32774
2022-11-25 22:06:00.000000000,1669385160000000000,1683.0,1685.0,1683.0,1684.5,29,32774,32771
2022-11-25 22:07:00.000000000,1669385220000000000,1684.5,1684.5,1684.0,1684.0,18,32771,32780
2022-11-25 22:08:00.000000000,1669385280000000000,1684.0,1684.0,1683.0,1683.5,10,32780,32780
2022-11-25 22:09:00.000000000,1669385340000000000,1683.5,1683.5,1682.0,1682.0,18,32780,32787
2022-11-25 22:10:00.000000000,1669385400000000000,1682.0,1682.0,1681.0,1681.5,5,32787,32790
2022-11-25 22:11:00.000000000,1669385460000000000,1681.5,1683.0,1680.5,1680.5,18,32790,32802
2022-11-25 22:12:00.000000000,1669385520000000000,1680.5,1681.5,1680.0,1681.0,18,32802,32808
2022-11-25 22:13:00.000000000,1669385580000000000,1681.0,1681.5,1680.5,1681.5,8,32808,32812
2022-11-25 22:14:00.000000000,1669385640000000000,1681.5,1682.0,1680.5,1682.0,8,32812,32813
2022-11-25 22:15:00.000000000,1669385700000000000,1682.0,1683.5,1681.5,1683.5,64,32813,32829
2022-11-25 22:16:00.000000000,1669385760000000000,1683.5,1684.0,1683.5,1683.5,9,32829,32832
2022-11-25 22:17:00.000000000,1669385820000000000,1683.5,1683.5,1683.0,1683.0,1,32832,32831
2022-11-25 22:18:00.000000000,1669385880000000000,1683.0,1683.5,1682.0,1682.5,14,32831,32832
2022-11-25 22:19:00.000000000,1669385940000000000,1682.5,1683.0,1682.0,1682.0,18,32832,32829
2022-11-25 22:20:00.000000000,1669386000000000000,1682.0,1682.0,1680.0,1680.5,20,32829,32827
2022-11-25 22:21:00.000000000,1669386060000000000,1680.5,1680.5,1678.0,1679.0,45,32827,32830
2022-11-25 22:22:00.000000000,1669386120000000000,1679.0,1680.0,1678.0,1680.0,24,32830,32828
2022-11-25 22:23:00.000000000,1669386180000000000,1680.0,1680.0,1677.5,1678.5,26,32828,32836
2022-11-25 22:24:00.000000000,1669386240000000000,1678.5,1679.0,1678.0,1678.0,15,32836,32841
2022-11-25 22:25:00.000000000,1669386300000000000,1678.0,1678.0,1677.0,1678.0,22,32841,32846
2022-11-25 22:26:00.000000000,1669386360000000000,1678.0,1678.0,1678.0,1678.0,3,32846,32848
2022-11-25 22:27:00.000000000,1669386420000000000,1678.0,1679.5,1678.0,1679.5,13,32848,32844
2022-11-25 22:28:00.000000000,1669386480000000000,1679.5,1679.5,1678.0,1678.5,10,32844,32843
2022-11-25 22:29:00.000000000,1669386540000000000,1678.5,1680.0,1678.5,1680.0,24,32843,32826
2022-11-25 22:30:00.000000000,1669386600000000000,1680.0,1681.5,1679.0,1681.5,43,32826,32816
2022-11-25 22:31:00.000000000,1669386660000000000,1681.5,1681.5,1679.5,1680.0,23,32816,32810
2022-11-25 22:32:00.000000000,1669386720000000000,1680.0,1680.5,1679.5,1679.5,27,32810,32792
2022-11-25 22:33:00.000000000,1669386780000000000,1679.5,1680.0,1679.0,1679.0,55,32792,32756
2022-11-25 22:34:00.000000000,1669386840000000000,1679.0,1680.5,1679.0,1679.5,19,32756,32745
2022-11-25 22:35:00.000000000,1669386900000000000,1679.5,1680.0,1679.0,1679.5,21,32745,32736
2022-11-25 22:36:00.000000000,1669386960000000000,1679.5,1681.0,1679.5,1681.0,18,32736,32731
2022-11-25 22:37:00.000000000,1669387020000000000,1681.0,1682.0,1681.0,1682.0,17,32731,32732
2022-11-25 22:38:00.000000000,1669387080000000000,1682.0,1682.0,1681.5,1682.0,16,32732,32722
2022-11-25 22:39:00.000000000,1669387140000000000,1682.0,1683.0,1682.0,1683.0,15,32722,32716
2022-11-25 22:40:00.000000000,1669387200000000000,1683.0,1683.0,1682.0,1682.0,8,32716,32710
2022-11-25 22:41:00.000000000,1669387260000000000,1682.0,1682.5,1681.0,1682.5,18,32710,32717
2022-11-25 22:42:00.000000000,1669387320000000000,1682.5,1683.5,1682.5,1683.5,6,32717,32714
2022-11-25 22:43:00.000000000,1669387380000000000,1683.5,1683.5,1682.5,1682.5,6,32714,32718
2022-11-25 22:44:00.000000000,1669387440000000000,1682.5,1683.0,1681.5,1681.5,14,32718,32724
2022-11-25 22:45:00.000000000,1669387500000000000,1681.5,1681.5,1680.5,1681.0,10,32724,32728
2022-11-25 22:46:00.000000000,1669387560000000000,1681.0,1681.5,1681.0,1681.5,4,32728,32732
2022-11-25 22:47:00.000000000,1669387620000000000,1681.5,1681.5,1680.5,1681.0,10,32732,32734
2022-11-25 22:48:00.000000000,1669387680000000000,1681.0,1681.5,1681.0,1681.5,6,32734,32738
2022-11-25 22:49:00.000000000,1669387740000000000,1681.5,1681.5,1681.5,1681.5,1,32738,32739
2022-11-25 22:50:00.000000000,1669387800000000000,1681.5,1682.5,1681.5,1682.0,6,32739,32740
2022-11-25 22:51:00.000000000,1669387860000000000,1682.0,1684.0,1682.0,1683.5,21,32740,32745
2022-11-25 22:52:00.000000000,1669387920000000000,1683.5,1684.0,1682.0,1682.5,14,32745,32750
2022-11-25 22:53:00.000000000,1669387980000000000,1682.5,1684.5,1682.5,1684.0,13,32750,32749
2022-11-25 22:54:00.000000000,1669388040000000000,1684.0,1685.0,1683.5,1683.5,19,32749,32753
2022-11-25 22:55:00.000000000,1669388100000000000,1683.5,1686.5,1683.5,1686.5,41,32753,32758
2022-11-25 22:56:00.000000000,1669388160000000000,1686.5,1689.5,1686.5,1688.5,54,32758,32747
2022-11-25 22:57:00.000000000,1669388220000000000,1688.5,1690.0,1688.0,1688.0,73,32747,32761
2022-11-25 22:58:00.000000000,1669388280000000000,1688.0,1691.0,1687.5,1690.0,39,32761,32746
2022-11-25 22:59:00.000000000,1669388340000000000,1690.0,1692.0,1689.0,1691.5,60,32746,32724
2022-11-28 09:00:00.000000000,1669597200000000000,1689.0,1689.0,1673.0,1681.0,334,32724,32693
2022-11-28 09:01:00.000000000,1669597260000000000,1681.0,1681.0,1673.5,1674.5,223,32693,32648
2022-11-28 09:02:00.000000000,1669597320000000000,1674.5,1680.0,1674.0,1680.0,176,32648,32603
2022-11-28 09:03:00.000000000,1669597380000000000,1680.0,1683.0,1676.5,1681.5,243,32603,32485
2022-11-28 09:04:00.000000000,1669597440000000000,1681.5,1682.0,1680.0,1681.5,51,32485,32484
2022-11-28 09:05:00.000000000,1669597500000000000,1681.5,1687.5,1680.5,1687.5,113,32484,32466
2022-11-28 09:06:00.000000000,1669597560000000000,1687.5,1687.5,1685.0,1685.0,79,32466,32474
2022-11-28 09:07:00.000000000,1669597620000000000,1685.0,1685.0,1680.0,1681.5,121,32474,32525
2022-11-28 09:08:00.000000000,1669597680000000000,1681.5,1681.5,1679.0,1679.5,47,32525,32509
2022-11-28 09:09:00.000000000,1669597740000000000,1679.5,1684.0,1678.0,1682.0,103,32509,32512
2022-11-28 09:10:00.000000000,1669597800000000000,1682.0,1688.5,1682.0,1688.0,91,32512,32516
2022-11-28 09:11:00.000000000,1669597860000000000,1688.0,1689.5,1684.0,1686.0,88,32516,32503
2022-11-28 09:12:00.000000000,1669597920000000000,1686.0,1689.5,1686.0,1689.5,41,32503,32488
2022-11-28 09:13:00.000000000,1669597980000000000,1689.5,1690.0,1688.0,1689.0,46,32488,32488
2022-11-28 09:14:00.000000000,1669598040000000000,1689.0,1689.5,1688.0,1688.0,21,32488,32486
2022-11-28 09:15:00.000000000,1669598100000000000,1688.0,1691.0,1688.0,1690.5,72,32486,32503
2022-11-28 09:16:00.000000000,1669598160000000000,1690.5,1693.5,1690.5,1690.5,88,32503,32517
2022-11-28 09:17:00.000000000,1669598220000000000,1690.5,1691.5,1688.5,1689.0,56,32517,32538
2022-11-28 09:18:00.000000000,1669598280000000000,1689.0,1689.5,1686.0,1686.0,60,32538,32552
2022-11-28 09:19:00.000000000,1669598340000000000,1686.0,1688.0,1686.0,1686.5,38,32552,32558
2022-11-28 09:20:00.000000000,1669598400000000000,1686.5,1686.5,1684.5,1684.5,42,32558,32552
2022-11-28 09:21:00.000000000,1669598460000000000,1684.5,1686.0,1683.5,1684.0,55,32552,32536
2022-11-28 09:22:00.000000000,1669598520000000000,1684.0,1686.5,1683.5,1683.5,35,32536,32530
2022-11-28 09:23:00.000000000,1669598580000000000,1683.5,1685.5,1683.5,1685.0,9,32530,32532
2022-11-28 09:24:00.000000000,1669598640000000000,1685.0,1688.0,1685.0,1686.5,16,32532,32532
2022-11-28 09:25:00.000000000,1669598700000000000,1686.5,1687.0,1685.0,1685.0,34,32532,32537
2022-11-28 09:26:00.000000000,1669598760000000000,1685.0,1686.5,1685.0,1685.5,26,32537,32537
2022-11-28 09:27:00.000000000,1669598820000000000,1685.5,1685.5,1683.0,1684.0,58,32537,32548
2022-11-28 09:28:00.000000000,1669598880000000000,1684.0,1685.5,1683.5,1684.0,22,32548,32554
2022-11-28 09:29:00.000000000,1669598940000000000,1684.0,1684.5,1679.5,1679.5,65,32554,32557
2022-11-28 09:30:00.000000000,1669599000000000000,1679.5,1681.0,1678.0,1678.5,100,32557,32525
2022-11-28 09:31:00.000000000,1669599060000000000,1678.5,1680.0,1677.0,1679.0,64,32525,32508
2022-11-28 09:32:00.000000000,1669599120000000000,1679.0,1679.5,1677.5,1677.5,33,32508,32519
2022-11-28 09:33:00.000000000,1669599180000000000,1677.5,1679.5,1677.0,1679.0,36,32519,32520
2022-11-28 09:34:00.000000000,1669599240000000000,1679.0,1680.0,1677.0,1678.0,42,32520,32535
2022-11-28 09:35:00.000000000,1669599300000000000,1678.0,1680.0,1677.0,1680.0,61,32535,32540
2022-11-28 09:36:00.000000000,1669599360000000000,1680.0,1683.5,1678.5,1681.0,87,32540,32518
2022-11-28 09:37:00.000000000,1669599420000000000,1681.0,1681.0,1679.0,1679.5,21,32518,32521
2022-11-28 09:38:00.000000000,1669599480000000000,1679.5,1679.5,1677.0,1678.0,64,32521,32548
2022-11-28 09:39:00.000000000,1669599540000000000,1678.0,1678.0,1674.0,1675.0,99,32548,32568
2022-11-28 09:40:00.000000000,1669599600000000000,1675.0,1675.5,1670.5,1671.5,123,32568,32549
2022-11-28 09:41:00.000000000,1669599660000000000,1671.5,1672.5,1668.0,1668.0,121,32549,32590
2022-11-28 09:42:00.000000000,1669599720000000000,1668.0,1669.5,1667.0,1668.5,56,32590,32617
2022-11-28 09:43:00.000000000,1669599780000000000,1668.5,1669.5,1668.0,1669.5,30,32617,32620
2022-11-28 09:44:00.000000000,1669599840000000000,1669.5,1671.5,1669.5,1671.0,187,32620,32538
2022-11-28 09:45:00.000000000,1669599900000000000,1671.0,1673.0,1670.5,1672.5,40,32538,32544
2022-11-28 09:46:00.000000000,1669599960000000000,1672.5,1672.5,1670.5,1671.0,46,32544,32549
2022-11-28 09:47:00.000000000,1669600020000000000,1671.0,1672.5,1671.0,1672.0,38,32549,32570
2022-11-28 09:48:00.000000000,1669600080000000000,1672.0,1675.0,1672.0,1674.5,47,32570,32589
2022-11-28 09:49:00.000000000,1669600140000000000,1674.5,1674.5,1672.0,1673.5,34,32589,32590
2022-11-28 09:50:00.000000000,1669600200000000000,1673.5,1674.0,1673.0,1674.0,45,32590,32567
2022-11-28 09:51:00.000000000,1669600260000000000,1674.0,1676.0,1674.0,1676.0,29,32567,32561
2022-11-28 09:52:00.000000000,1669600320000000000,1676.0,1678.5,1675.5,1678.5,40,32561,32563
2022-11-28 09:53:00.000000000,1669600380000000000,1678.5,1678.5,1677.0,1678.5,25,32563,32563
2022-11-28 09:54:00.000000000,1669600440000000000,1678.5,1679.0,1677.0,1679.0,18,32563,32563
2022-11-28 09:55:00.000000000,1669600500000000000,1679.0,1679.5,1678.5,1679.5,39,32563,32590
2022-11-28 09:56:00.000000000,1669600560000000000,1679.5,1679.5,1679.0,1679.0,28,32590,32609
2022-11-28 09:57:00.000000000,1669600620000000000,1679.0,1679.5,1676.5,1677.0,25,32609,32624
2022-11-28 09:58:00.000000000,1669600680000000000,1677.0,1677.5,1676.0,1677.5,11,32624,32628
2022-11-28 09:59:00.000000000,1669600740000000000,1677.5,1678.0,1676.5,1677.0,34,32628,32645
2022-11-28 10:00:00.000000000,1669600800000000000,1677.0,1679.0,1677.0,1677.0,31,32645,32658
2022-11-28 10:01:00.000000000,1669600860000000000,1677.0,1680.5,1677.0,1678.5,61,32658,32689
2022-11-28 10:02:00.000000000,1669600920000000000,1678.5,1679.0,1678.0,1679.0,22,32689,32700
2022-11-28 10:03:00.000000000,1669600980000000000,1679.0,1679.5,1679.0,1679.0,11,32700,32698
2022-11-28 10:04:00.000000000,1669601040000000000,1679.0,1679.0,1677.0,1677.0,12,32698,32703
2022-11-28 10:05:00.000000000,1669601100000000000,1677.0,1679.5,1676.5,1679.0,18,32703,32707
2022-11-28 10:06:00.000000000,1669601160000000000,1679.0,1680.5,1679.0,1679.0,11,32707,32710
2022-11-28 10:07:00.000000000,1669601220000000000,1679.0,1679.0,1678.0,1678.0,27,32710,32728
2022-11-28 10:08:00.000000000,1669601280000000000,1678.0,1679.0,1676.5,1678.0,66,32728,32766
2022-11-28 10:09:00.000000000,1669601340000000000,1678.0,1678.0,1677.5,1678.0,3,32766,32768
2022-11-28 10:10:00.000000000,1669601400000000000,1678.0,1678.0,1677.0,1677.0,3,32768,32771
2022-11-28 10:11:00.000000000,1669601460000000000,1677.0,1678.0,1677.0,1678.0,6,32771,32767
2022-11-28 10:12:00.000000000,1669601520000000000,1678.0,1680.5,1678.0,1679.0,20,32767,32757
2022-11-28 10:13:00.000000000,1669601580000000000,1679.0,1680.5,1679.0,1680.0,11,32757,32757
2022-11-28 10:14:00.000000000,1669601640000000000,1680.0,1681.0,1680.0,1680.5,14,32757,32754
2022-11-28 10:30:00.000000000,1669602600000000000,1681.0,1681.5,1680.0,1680.0,26,32754,32752
2022-11-28 10:31:00.000000000,1669602660000000000,1680.0,1685.5,1680.0,1684.0,59,32752,32739
2022-11-28 10:32:00.000000000,1669602720000000000,1684.0,1690.0,1684.0,1690.0,137,32739,32710
2022-11-28 10:33:00.000000000,1669602780000000000,1690.0,1691.5,1688.5,1689.0,49,32710,32707
2022-11-28 10:34:00.000000000,1669602840000000000,1689.0,1691.5,1688.5,1691.5,29,32707,32712
2022-11-28 10:35:00.000000000,1669602900000000000,1691.5,1694.5,1690.5,1693.0,108,32712,32704
2022-11-28 10:36:00.000000000,1669602960000000000,1693.0,1693.0,1690.0,1692.0,26,32704,32712
2022-11-28 10:37:00.000000000,1669603020000000000,1692.0,1693.5,1691.5,1692.0,46,32712,32715
2022-11-28 10:38:00.000000000,1669603080000000000,1692.0,1693.5,1692.0,1692.5,24,32715,32714
2022-11-28 10:39:00.000000000,1669603140000000000,1692.5,1694.0,1692.0,1693.0,34,32714,32705
2022-11-28 10:40:00.000000000,1669603200000000000,1693.0,1695.0,1693.0,1694.5,46,32705,32699
2022-11-28 10:41:00.000000000,1669603260000000000,1694.5,1694.5,1690.5,1690.5,36,32699,32707
2022-11-28 10:42:00.000000000,1669603320000000000,1690.5,1691.0,1689.5,1690.5,25,32707,32709
2022-11-28 10:43:00.000000000,1669603380000000000,1690.5,1690.5,1690.0,1690.0,14,32709,32711
2022-11-28 10:44:00.000000000,1669603440000000000,1690.0,1693.5,1690.0,1693.5,24,32711,32712
2022-11-28 10:45:00.000000000,1669603500000000000,1693.5,1693.5,1691.5,1692.0,25,32712,32725
2022-11-28 10:46:00.000000000,1669603560000000000,1692.0,1692.0,1690.0,1690.0,41,32725,32738
2022-11-28 10:47:00.000000000,1669603620000000000,1690.0,1690.0,1689.0,1689.5,18,32738,32739
2022-11-28 10:48:00.000000000,1669603680000000000,1689.5,1689.5,1688.5,1688.5,7,32739,32738
2022-11-28 10:49:00.000000000,1669603740000000000,1688.5,1690.0,1688.5,1689.5,41,32738,32743
2022-11-28 10:50:00.000000000,1669603800000000000,1689.5,1691.0,1689.0,1691.0,28,32743,32756
2022-11-28 10:51:00.000000000,1669603860000000000,1691.0,1691.0,1689.5,1690.0,25,32756,32768
2022-11-28 10:52:00.000000000,1669603920000000000,1690.0,1692.0,1689.5,1691.0,15,32768,32772
2022-11-28 10:53:00.000000000,1669603980000000000,1691.0,1692.5,1691.0,1692.5,43,32772,32767
2022-11-28 10:54:00.000000000,1669604040000000000,1692.5,1693.0,1691.5,1692.5,11,32767,32764
2022-11-28 10:55:00.000000000,1669604100000000000,1692.5,1693.0,1691.5,1693.0,36,32764,32775
2022-11-28 10:56:00.000000000,1669604160000000000,1693.0,1694.0,1693.0,1693.0,20,32775,32780
2022-11-28 10:57:00.000000000,1669604220000000000,1693.0,1694.0,1693.0,1693.0,9,32780,32784
2022-11-28 10:58:00.000000000,1669604280000000000,1693.0,1694.5,1693.0,1694.5,17,32784,32786
2022-11-28 10:59:00.000000000,1669604340000000000,1694.5,1696.0,1694.5,1695.5,61,32786,32791
2022-11-28 11:00:00.000000000,1669604400000000000,1695.5,1697.0,1695.0,1697.0,87,32791,32841
2022-11-28 11:01:00.000000000,1669604460000000000,1697.0,1697.0,1693.5,1694.0,47,32841,32853
2022-11-28 11:02:00.000000000,1669604520000000000,1694.0,1697.0,1694.0,1695.5,31,32853,32853
2022-11-28 11:03:00.000000000,1669604580000000000,1695.5,1697.0,1694.5,1697.0,36,32853,32855
2022-11-28 11:04:00.000000000,1669604640000000000,1697.0,1699.5,1697.0,1699.5,87,32855,32862
2022-11-28 11:05:00.000000000,1669604700000000000,1699.5,1703.0,1699.0,1702.5,206,32862,32836
2022-11-28 11:06:00.000000000,1669604760000000000,1702.5,1702.5,1700.0,1700.0,33,32836,32831
2022-11-28 11:07:00.000000000,1669604820000000000,1700.0,1701.0,1699.5,1701.0,30,32831,32840
2022-11-28 11:08:00.000000000,1669604880000000000,1701.0,1701.0,1700.0,1701.0,15,32840,32845
2022-11-28 11:09:00.000000000,1669604940000000000,1701.0,1701.0,1699.0,1699.0,10,32845,32842
2022-11-28 11:10:00.000000000,1669605000000000000,1699.0,1701.0,1697.0,1697.0,85,32842,32868
2022-11-28 11:11:00.000000000,1669605060000000000,1697.0,1698.0,1696.5,1696.5,21,32868,32881
2022-11-28 11:12:00.000000000,1669605120000000000,1696.5,1697.5,1696.0,1697.5,43,32881,32888
2022-11-28 11:13:00.000000000,1669605180000000000,1697.5,1698.5,1695.0,1695.0,19,32888,32894
2022-11-28 11:14:00.000000000,1669605240000000000,1695.0,1695.5,1694.5,1695.0,19,32894,32903
2022-11-28 11:15:00.000000000,1669605300000000000,1695.0,1696.5,1695.0,1696.0,15,32903,32903
2022-11-28 11:16:00.000000000,1669605360000000000,1696.0,1696.5,1695.0,1695.0,28,32903,32908
2022-11-28 11:17:00.000000000,1669605420000000000,1695.0,1696.0,1694.5,1696.0,14,32908,32906
2022-11-28 11:18:00.000000000,1669605480000000000,1696.0,1696.0,1695.0,1696.0,32,32906,32932
2022-11-28 11:19:00.000000000,1669605540000000000,1696.0,1697.0,1695.0,1697.0,13,32932,32939
2022-11-28 11:20:00.000000000,1669605600000000000,1697.0,1697.0,1695.5,1696.0,11,32939,32945
2022-11-28 11:21:00.000000000,1669605660000000000,1696.0,1697.5,1696.0,1697.5,14,32945,32951
2022-11-28 11:22:00.000000000,1669605720000000000,1697.5,1697.5,1696.5,1696.5,7,32951,32955
2022-11-28 11:23:00.000000000,1669605780000000000,1696.5,1696.5,1694.0,1694.0,29,32955,32963
2022-11-28 11:24:00.000000000,1669605840000000000,1694.0,1695.0,1694.0,1694.5,30,32963,32979
2022-11-28 11:25:00.000000000,1669605900000000000,1694.5,1695.5,1693.0,1695.5,72,32979,32983
2022-11-28 11:26:00.000000000,1669605960000000000,1695.5,1699.0,1695.0,1695.5,73,32983,32971
2022-11-28 11:27:00.000000000,1669606020000000000,1695.5,1698.0,1695.0,1698.0,36,32971,32975
2022-11-28 11:28:00.000000000,1669606080000000000,1698.0,1700.0,1697.5,1700.0,25,32975,32979
2022-11-28 11:29:00.000000000,1669606140000000000,1700.0,1700.5,1699.0,1700.0,38,32979,32995
2022-11-28 13:30:00.000000000,1669613400000000000,1700.0,1700.0,1695.5,1699.0,114,32995,32988
2022-11-28 13:31:00.000000000,1669613460000000000,1699.0,1699.5,1696.0,1699.5,58,32988,32974
2022-11-28 13:32:00.000000000,1669613520000000000,1699.5,1700.0,1695.5,1696.0,40,32974,32978
2022-11-28 13:33:00.000000000,1669613580000000000,1696.0,1697.0,1695.0,1696.0,58,32978,32975
2022-11-28 13:34:00.000000000,1669613640000000000,1696.0,1699.0,1695.5,1698.0,40,32975,32969
2022-11-28 13:35:00.000000000,1669613700000000000,1698.0,1698.0,1694.5,1695.5,27,32969,32967
2022-11-28 13:36:00.000000000,1669613760000000000,1695.5,1696.0,1694.5,1695.5,20,32967,32965
2022-11-28 13:37:00.000000000,1669613820000000000,1695.5,1695.5,1693.0,1695.0,71,32965,32955
2022-11-28 13:38:00.000000000,1669613880000000000,1695.0,1698.0,1694.0,1698.0,72,32955,32921
2022-11-28 13:39:00.000000000,1669613940000000000,1698.0,1698.5,1696.5,1696.5,28,32921,32934
2022-11-28 13:40:00.000000000,1669614000000000000,1696.5,1699.0,1696.5,1698.0,22,32934,32927
2022-11-28 13:41:00.000000000,1669614060000000000,1698.0,1698.0,1696.5,1696.5,9,32927,32922
2022-11-28 13:42:00.000000000,1669614120000000000,1696.5,1700.0,1695.0,1698.0,29,32922,32926
2022-11-28 13:43:00.000000000,1669614180000000000,1698.0,1700.0,1696.5,1696.5,28,32926,32926
2022-11-28 13:44:00.000000000,1669614240000000000,1696.5,1697.0,1694.5,1695.0,24,32926,32923
2022-11-28 13:45:00.000000000,1669614300000000000,1695.0,1696.5,1693.0,1693.0,73,32923,32958
2022-11-28 13:46:00.000000000,1669614360000000000,1693.0,1694.0,1687.0,1687.0,145,32958,32981
2022-11-28 13:47:00.000000000,1669614420000000000,1687.0,1689.5,1686.5,1689.0,37,32981,32980
2022-11-28 13:48:00.000000000,1669614480000000000,1689.0,1689.0,1686.0,1686.0,34,32980,32986
2022-11-28 13:49:00.000000000,1669614540000000000,1686.0,1687.5,1684.0,1686.0,96,32986,33003
2022-11-28 13:50:00.000000000,1669614600000000000,1686.0,1686.5,1684.5,1685.5,26,33003,33012
2022-11-28 13:51:00.000000000,1669614660000000000,1685.5,1688.5,1685.5,1688.0,38,33012,33023
2022-11-28 13:52:00.000000000,1669614720000000000,1688.0,1689.0,1688.0,1689.0,20,33023,33022
2022-11-28 13:53:00.000000000,1669614780000000000,1689.0,1690.0,1689.0,1690.0,16,33022,33026
2022-11-28 13:54:00.000000000,1669614840000000000,1690.0,1692.0,1689.5,1691.5,16,33026,33026
2022-11-28 13:55:00.000000000,1669614900000000000,1691.5,1691.5,1690.0,1691.0,19,33026,33037
2022-11-28 13:56:00.000000000,1669614960000000000,1691.0,1692.0,1691.0,1692.0,13,33037,33045
2022-11-28 13:57:00.000000000,1669615020000000000,1692.0,1692.5,1691.0,1691.0,23,33045,33052
2022-11-28 13:58:00.000000000,1669615080000000000,1691.0,1693.0,1691.0,1693.0,18,33052,33051
2022-11-28 13:59:00.000000000,1669615140000000000,1693.0,1693.0,1692.0,1692.0,8,33051,33056
2022-11-28 14:00:00.000000000,1669615200000000000,1692.0,1693.0,1689.5,1693.0,23,33056,33068
2022-11-28 14:01:00.000000000,1669615260000000000,1693.0,1694.5,1692.5,1694.0,28,33068,33062
2022-11-28 14:02:00.000000000,1669615320000000000,1694.0,1694.0,1691.0,1692.0,28,33062,33074
2022-11-28 14:03:00.000000000,1669615380000000000,1692.0,1694.0,1692.0,1694.0,32,33074,33092
2022-11-28 14:04:00.000000000,1669615440000000000,1694.0,1694.0,1693.0,1693.5,7,33092,33091
2022-11-28 14:05:00.000000000,1669615500000000000,1693.5,1693.5,1692.5,1692.5,25,33091,33087
2022-11-28 14:06:00.000000000,1669615560000000000,1692.5,1693.0,1692.5,1692.5,4,33087,33090
2022-11-28 14:07:00.000000000,1669615620000000000,1692.5,1693.0,1691.5,1691.5,2,33090,33091
2022-11-28 14:08:00.000000000,1669615680000000000,1691.5,1693.0,1691.5,1693.0,1,33091,33092
2022-11-28 14:09:00.000000000,1669615740000000000,1693.0,1693.0,1692.5,1693.0,2,33092,33092
2022-11-28 14:10:00.000000000,1669615800000000000,1693.0,1693.5,1693.0,1693.0,4,33092,33094
2022-11-28 14:11:00.000000000,1669615860000000000,1693.0,1693.5,1692.5,1692.5,13,33094,33099
2022-11-28 14:12:00.000000000,1669615920000000000,1692.5,1694.0,1692.5,1693.5,16,33099,33098
2022-11-28 14:13:00.000000000,1669615980000000000,1693.5,1694.0,1693.0,1693.0,5,33098,33101
2022-11-28 14:14:00.000000000,1669616040000000000,1693.0,1693.0,1693.0,1693.0,1,33101,33101
2022-11-28 14:15:00.000000000,1669616100000000000,1693.0,1693.5,1692.0,1693.5,7,33101,33102
2022-11-28 14:16:00.000000000,1669616160000000000,1693.5,1693.5,1690.5,1691.5,14,33102,33106
2022-11-28 14:17:00.000000000,1669616220000000000,1691.5,1691.5,1687.0,1689.0,40,33106,33104
2022-11-28 14:18:00.000000000,1669616280000000000,1689.0,1689.5,1688.0,1688.5,13,33104,33099
2022-11-28 14:19:00.000000000,1669616340000000000,1688.5,1692.5,1688.5,1692.5,13,33099,33101
2022-11-28 14:20:00.000000000,1669616400000000000,1692.5,1692.5,1692.0,1692.5,12,33101,33105
2022-11-28 14:21:00.000000000,1669616460000000000,1692.5,1693.0,1692.5,1693.0,1,33105,33105
2022-11-28 14:22:00.000000000,1669616520000000000,1693.0,1693.0,1691.0,1692.5,15,33105,33107
2022-11-28 14:23:00.000000000,1669616580000000000,1692.5,1692.5,1691.0,1691.0,8,33107,33111
2022-11-28 14:24:00.000000000,1669616640000000000,1691.0,1693.5,1691.0,1693.5,15,33111,33115
2022-11-28 14:25:00.000000000,1669616700000000000,1693.5,1695.0,1693.0,1695.0,23,33115,33109
2022-11-28 14:26:00.000000000,1669616760000000000,1695.0,1695.5,1694.5,1695.0,13,33109,33112
2022-11-28 14:27:00.000000000,1669616820000000000,1695.0,1696.5,1695.0,1696.5,24,33112,33113
2022-11-28 14:28:00.000000000,1669616880000000000,1696.5,1696.5,1695.5,1696.0,5,33113,33115
2022-11-28 14:29:00.000000000,1669616940000000000,1696.0,1696.5,1696.0,1696.5,11,33115,33112
2022-11-28 14:30:00.000000000,1669617000000000000,1696.5,1696.5,1695.5,1696.0,14,33112,33112
2022-11-28 14:31:00.000000000,1669617060000000000,1696.0,1697.0,1696.0,1696.0,9,33112,33108
2022-11-28 14:32:00.000000000,1669617120000000000,1696.0,1697.5,1696.0,1697.5,15,33108,33110
2022-11-28 14:33:00.000000000,1669617180000000000,1697.5,1698.0,1697.0,1698.0,14,33110,33116
2022-11-28 14:34:00.000000000,1669617240000000000,1698.0,1698.0,1696.0,1696.0,29,33116,33115
2022-11-28 14:35:00.000000000,1669617300000000000,1696.0,1696.5,1695.5,1696.5,15,33115,33119
2022-11-28 14:36:00.000000000,1669617360000000000,1696.5,1700.0,1696.5,1699.5,72,33119,33095
2022-11-28 14:37:00.000000000,1669617420000000000,1699.5,1701.0,1698.0,1700.0,44,33095,33111
2022-11-28 14:38:00.000000000,1669617480000000000,1700.0,1700.0,1696.5,1696.5,13,33111,33121
2022-11-28 14:39:00.000000000,1669617540000000000,1696.5,1698.5,1696.5,1698.5,17,33121,33133
2022-11-28 14:40:00.000000000,1669617600000000000,1698.5,1700.0,1698.5,1699.5,14,33133,33138
2022-11-28 14:41:00.000000000,1669617660000000000,1699.5,1700.0,1697.0,1697.5,22,33138,33145
2022-11-28 14:42:00.000000000,1669617720000000000,1697.5,1698.5,1697.5,1698.0,23,33145,33142
2022-11-28 14:43:00.000000000,1669617780000000000,1698.0,1698.0,1698.0,1698.0,5,33142,33143
2022-11-28 14:44:00.000000000,1669617840000000000,1698.0,1698.0,1697.0,1698.0,24,33143,33131
2022-11-28 14:45:00.000000000,1669617900000000000,1698.0,1698.5,1697.0,1698.0,11,33131,33128
2022-11-28 14:46:00.000000000,1669617960000000000,1698.0,1700.0,1698.0,1699.5,7,33128,33131
2022-11-28 14:47:00.000000000,1669618020000000000,1699.5,1700.5,1699.0,1699.0,22,33131,33138
2022-11-28 14:48:00.000000000,1669618080000000000,1699.0,1700.5,1699.0,1700.5,32,33138,33154
2022-11-28 14:49:00.000000000,1669618140000000000,1700.5,1700.5,1700.0,1700.0,5,33154,33154
2022-11-28 14:50:00.000000000,1669618200000000000,1700.0,1701.0,1700.0,1701.0,31,33154,33166
2022-11-28 14:51:00.000000000,1669618260000000000,1701.0,1702.0,1700.0,1701.0,33,33166,33177
2022-11-28 14:52:00.000000000,1669618320000000000,1701.0,1701.0,1700.0,1701.0,16,33177,33181
2022-11-28 14:53:00.000000000,1669618380000000000,1701.0,1702.0,1701.0,1702.0,31,33181,33160
2022-11-28 14:54:00.000000000,1669618440000000000,1702.0,1702.0,1700.5,1701.5,31,33160,33157
2022-11-28 14:55:00.000000000,1669618500000000000,1701.5,1701.5,1699.5,1700.0,42,33157,33148
2022-11-28 14:56:00.000000000,1669618560000000000,1700.0,1700.0,1696.5,1697.0,49,33148,33133
2022-11-28 14:57:00.000000000,1669618620000000000,1697.0,1700.0,1697.0,1699.5,54,33133,33136
2022-11-28 14:58:00.000000000,1669618680000000000,1699.5,1700.5,1698.5,1700.0,19,33136,33138
2022-11-28 14:59:00.000000000,1669618740000000000,1700.0,1701.5,1699.0,1699.0,43,33138,33137
2022-11-28 21:00:00.000000000,1669640400000000000,1704.0,1709.0,1704.0,1707.0,277,33137,33189
2022-11-28 21:01:00.000000000,1669640460000000000,1707.0,1709.5,1706.0,1709.0,206,33189,33249
2022-11-28 21:02:00.000000000,1669640520000000000,1709.0,1713.5,1707.5,1713.5,263,33249,33337
2022-11-28 21:03:00.000000000,1669640580000000000,1713.5,1713.5,1712.0,1712.5,84,33337,33353
2022-11-28 21:04:00.000000000,1669640640000000000,1712.5,1713.0,1709.5,1712.0,113,33353,33392
2022-11-28 21:05:00.000000000,1669640700000000000,1712.0,1718.0,1712.0,1717.5,148,33392,33372
2022-11-28 21:06:00.000000000,1669640760000000000,1717.5,1718.0,1715.5,1715.5,72,33372,33370
2022-11-28 21:07:00.000000000,1669640820000000000,1715.5,1719.0,1715.5,1718.5,118,33370,33403
2022-11-28 21:08:00.000000000,1669640880000000000,1718.5,1718.5,1716.0,1716.5,121,33403,33379
2022-11-28 21:09:00.000000000,1669640940000000000,1716.5,1718.0,1716.0,1718.0,106,33379,33359
2022-11-28 21:10:00.000000000,1669641000000000000,1718.0,1720.0,1718.0,1720.0,78,33359,33367
2022-11-28 21:11:00.000000000,1669641060000000000,1720.0,1721.0,1718.5,1718.5,171,33367,33359
2022-11-28 21:12:00.000000000,1669641120000000000,1718.5,1724.0,1718.5,1721.5,169,33359,33353
2022-11-28 21:13:00.000000000,1669641180000000000,1721.5,1727.0,1721.5,1725.5,179,33353,33340
2022-11-28 21:14:00.000000000,1669641240000000000,1725.5,1727.5,1725.5,1725.5,86,33340,33327
2022-11-28 21:15:00.000000000,1669641300000000000,1725.5,1728.0,1725.5,1727.0,66,33327,33342
2022-11-28 21:16:00.000000000,1669641360000000000,1727.0,1728.0,1726.0,1727.0,97,33342,33365
2022-11-28 21:17:00.000000000,1669641420000000000,1727.0,1727.0,1724.5,1724.5,71,33365,33354
2022-11-28 21:18:00.000000000,1669641480000000000,1724.5,1725.0,1721.0,1721.0,92,33354,33347
2022-11-28 21:19:00.000000000,1669641540000000000,1721.0,1722.5,1719.5,1722.5,48,33347,33348
2022-11-28 21:20:00.000000000,1669641600000000000,1722.5,1722.5,1721.5,1722.5,26,33348,33363
2022-11-28 21:21:00.000000000,1669641660000000000,1722.5,1723.5,1722.0,1722.0,49,33363,33365
2022-11-28 21:22:00.000000000,1669641720000000000,1722.0,1724.0,1722.0,1723.5,80,33365,33384
2022-11-28 21:23:00.000000000,1669641780000000000,1723.5,1724.0,1723.0,1723.5,71,33384,33389
2022-11-28 21:24:00.000000000,1669641840000000000,1723.5,1724.0,1723.0,1723.5,29,33389,33400
2022-11-28 21:25:00.000000000,1669641900000000000,1723.5,1724.0,1723.5,1724.0,5,33400,33398
2022-11-28 21:26:00.000000000,1669641960000000000,1724.0,1724.0,1723.0,1723.0,43,33398,33389
2022-11-28 21:27:00.000000000,1669642020000000000,1723.0,1724.0,1722.5,1723.0,43,33389,33358
2022-11-28 21:28:00.000000000,1669642080000000000,1723.0,1723.0,1721.0,1721.0,25,33358,33367
2022-11-28 21:29:00.000000000,1669642140000000000,1721.0,1721.0,1718.0,1718.0,63,33367,33393
2022-11-28 21:30:00.000000000,1669642200000000000,1718.0,1719.0,1717.0,1718.0,102,33393,33414
2022-11-28 21:31:00.000000000,1669642260000000000,1718.0,1718.5,1717.0,1718.0,58,33414,33388
2022-11-28 21:32:00.000000000,1669642320000000000,1718.0,1718.0,1717.0,1718.0,39,33388,33382
2022-11-28 21:33:00.000000000,1669642380000000000,1718.0,1718.0,1715.0,1716.5,73,33382,33402
2022-11-28 21:34:00.000000000,1669642440000000000,1716.5,1718.0,1716.0,1717.0,61,33402,33390
2022-11-28 21:35:00.000000000,1669642500000000000,1717.0,1718.0,1716.0,1716.0,64,33390,33373
2022-11-28 21:36:00.000000000,1669642560000000000,1716.0,1716.5,1715.5,1716.5,44,33373,33360
2022-11-28 21:37:00.000000000,1669642620000000000,1716.5,1719.5,1716.5,1719.5,79,33360,33352
2022-11-28 21:38:00.000000000,1669642680000000000,1719.5,1719.5,1718.5,1718.5,12,33352,33354
2022-11-28 21:39:00.000000000,1669642740000000000,1718.5,1719.0,1710.5,1711.0,173,33354,33406
2022-11-28 21:40:00.000000000,1669642800000000000,1711.0,1715.0,1710.5,1715.0,80,33406,33388
2022-11-28 21:41:00.000000000,1669642860000000000,1715.0,1717.0,1715.0,1717.0,39,33388,33388
2022-11-28 21:42:00.000000000,1669642920000000000,1717.0,1719.0,1716.5,1719.0,40,33388,33395
2022-11-28 21:43:00.000000000,1669642980000000000,1719.0,1723.0,1719.0,1722.0,81,33395,33386
2022-11-28 21:44:00.000000000,1669643040000000000,1722.0,1723.0,1722.0,1723.0,43,33386,33382
2022-11-28 21:45:00.000000000,1669643100000000000,1723.0,1725.0,1722.5,1722.5,91,33382,33386
2022-11-28 21:46:00.000000000,1669643160000000000,1722.5,1724.0,1722.0,1723.5,55,33386,33397
2022-11-28 21:47:00.000000000,1669643220000000000,1723.5,1724.0,1722.5,1723.0,75,33397,33438
2022-11-28 21:48:00.000000000,1669643280000000000,1723.0,1723.0,1720.0,1720.0,24,33438,33440
2022-11-28 21:49:00.000000000,1669643340000000000,1720.0,1721.5,1719.0,1719.0,20,33440,33435
2022-11-28 21:50:00.000000000,1669643400000000000,1719.0,1721.0,1719.0,1721.0,33,33435,33437
2022-11-28 21:51:00.000000000,1669643460000000000,1721.0,1721.5,1720.5,1721.5,11,33437,33440
2022-11-28 21:52:00.000000000,1669643520000000000,1721.5,1722.0,1721.0,1721.5,19,33440,33436
2022-11-28 21:53:00.000000000,1669643580000000000,1721.5,1722.0,1720.5,1721.0,36,33436,33441
2022-11-28 21:54:00.000000000,1669643640000000000,1721.0,1723.0,1721.0,1722.0,20,33441,33444
2022-11-28 21:55:00.000000000,1669643700000000000,1722.0,1724.0,1721.5,1724.0,62,33444,33409
2022-11-28 21:56:00.000000000,1669643760000000000,1724.0,1724.5,1721.0,1721.0,38,33409,33420
2022-11-28 21:57:00.000000000,1669643820000000000,1721.0,1722.0,1719.5,1720.0,45,33420,33426
2022-11-28 21:58:00.000000000,1669643880000000000,1720.0,1720.0,1718.5,1718.5,25,33426,33429
2022-11-28 21:59:00.000000000,1669643940000000000,1718.5,1720.5,1718.5,1719.0,20,33429,33421
2022-11-28 22:00:00.000000000,1669644000000000000,1719.0,1723.0,1719.0,1722.5,65,33421,33424
2022-11-28 22:01:00.000000000,1669644060000000000,1722.5,1722.5,1721.0,1722.0,20,33424,33425
2022-11-28 22:02:00.000000000,1669644120000000000,1722.0,1723.0,1721.0,1723.0,40,33425,33416
2022-11-28 22:03:00.000000000,1669644180000000000,1723.0,1726.0,1723.0,1726.0,111,33416,33387
2022-11-28 22:04:00.000000000,1669644240000000000,1726.0,1726.0,1724.5,1725.0,28,33387,33382
2022-11-28 22:05:00.000000000,1669644300000000000,1725.0,1725.5,1723.5,1724.0,27,33382,33380
2022-11-28 22:06:00.000000000,1669644360000000000,1724.0,1724.0,1723.5,1724.0,23,33380,33378
2022-11-28 22:07:00.000000000,1669644420000000000,1724.0,1724.5,1724.0,1724.0,16,33378,33383
2022-11-28 22:08:00.000000000,1669644480000000000,1724.0,1727.0,1724.0,1727.0,68,33383,33360
2022-11-28 22:09:00.000000000,1669644540000000000,1727.0,1727.5,1725.0,1727.0,70,33360,33344
2022-11-28 22:10:00.000000000,1669644600000000000,1727.0,1727.5,1726.0,1727.0,43,33344,33327
2022-11-28 22:11:00.000000000,1669644660000000000,1727.0,1729.0,1726.5,1727.5,90,33327,33287
2022-11-28 22:12:00.000000000,1669644720000000000,1727.5,1728.5,1727.5,1728.0,31,33287,33295
2022-11-28 22:13:00.000000000,1669644780000000000,1728.0,1728.0,1725.0,1726.0,45,33295,33297
2022-11-28 22:14:00.000000000,1669644840000000000,1726.0,1726.5,1725.0,1726.5,35,33297,33274
2022-11-28 22:15:00.000000000,1669644900000000000,1726.5,1726.5,1724.0,1724.0,39,33274,33275
2022-11-28 22:16:00.000000000,1669644960000000000,1724.0,1724.5,1723.5,1724.5,29,33275,33266
2022-11-28 22:17:00.000000000,1669645020000000000,1724.5,1724.5,1724.0,1724.0,16,33266,33261
2022-11-28 22:18:00.000000000,1669645080000000000,1724.0,1726.5,1724.0,1724.5,37,33261,33258
2022-11-28 22:19:00.000000000,1669645140000000000,1724.5,1725.0,1723.0,1725.0,40,33258,33246
2022-11-28 22:20:00.000000000,1669645200000000000,1725.0,1725.5,1724.0,1725.5,11,33246,33246
2022-11-28 22:21:00.000000000,1669645260000000000,1725.5,1726.0,1724.0,1724.0,7,33246,33246
2022-11-28 22:22:00.000000000,1669645320000000000,1724.0,1724.0,1718.0,1718.5,68,33246,33232
2022-11-28 22:23:00.000000000,1669645380000000000,1718.5,1720.0,1717.5,1718.0,70,33232,33232
2022-11-28 22:24:00.000000000,1669645440000000000,1718.0,1720.0,1718.0,1719.0,27,33232,33238
2022-11-28 22:25:00.000000000,1669645500000000000,1719.0,1722.5,1719.0,1722.0,36,33238,33245
2022-11-28 22:26:00.000000000,1669645560000000000,1722.0,1722.0,1721.0,1721.0,7,33245,33244
2022-11-28 22:27:00.000000000,1669645620000000000,1721.0,1725.5,1721.0,1725.5,42,33244,33244
2022-11-28 22:28:00.000000000,1669645680000000000,1725.5,1727.0,1725.0,1726.0,42,33244,33257
2022-11-28 22:29:00.000000000,1669645740000000000,1726.0,1726.0,1725.0,1726.0,18,33257,33261
2022-11-28 22:30:00.000000000,1669645800000000000,1726.0,1726.0,1725.0,1725.0,6,33261,33264
2022-11-28 22:31:00.000000000,1669645860000000000,1725.0,1730.0,1724.5,1728.5,164,33264,33178
2022-11-28 22:32:00.000000000,1669645920000000000,1728.5,1729.5,1728.0,1728.5,30,33178,33179
2022-11-28 22:33:00.000000000,1669645980000000000,1728.5,1730.0,1728.0,1730.0,85,33179,33191
2022-11-28 22:34:00.000000000,1669646040000000000,1730.0,1731.5,1730.0,1731.5,100,33191,33257
2022-11-28 22:35:00.000000000,1669646100000000000,1731.5,1736.0,1731.5,1734.0,131,33257,33276
2022-11-28 22:36:00.000000000,1669646160000000000,1734.0,1735.0,1731.5,1732.0,49,33276,33291
2022-11-28 22:37:00.000000000,1669646220000000000,1732.0,1735.0,1731.5,1734.5,40,33291,33298
2022-11-28 22:38:00.000000000,1669646280000000000,1734.5,1737.0,1733.5,1737.0,79,33298,33305
2022-11-28 22:39:00.000000000,1669646340000000000,1737.0,1742.0,1737.0,1740.0,250,33305,33251
2022-11-28 22:40:00.000000000,1669646400000000000,1740.0,1741.0,1737.5,1738.0,52,33251,33257
2022-11-28 22:41:00.000000000,1669646460000000000,1738.0,1738.0,1733.5,1735.0,65,33257,33257
2022-11-28 22:42:00.000000000,1669646520000000000,1735.0,1737.5,1734.5,1734.5,20,33257,33263
2022-11-28 22:43:00.000000000,1669646580000000000,1734.5,1735.5,1731.5,1733.0,40,33263,33274
2022-11-28 22:44:00.000000000,1669646640000000000,1733.0,1736.5,1732.5,1736.5,19,33274,33276
2022-11-28 22:45:00.000000000,1669646700000000000,1736.5,1737.0,1735.5,1737.0,33,33276,33269
2022-11-28 22:46:00.000000000,1669646760000000000,1737.0,1737.0,1733.0,1734.0,35,33269,33264
2022-11-28 22:47:00.000000000,1669646820000000000,1734.0,1734.0,1732.5,1733.0,33,33264,33270
2022-11-28 22:48:00.000000000,1669646880000000000,1733.0,1740.0,1733.0,1736.5,70,33270,33249
2022-11-28 22:49:00.000000000,1669646940000000000,1736.5,1740.0,1736.5,1739.0,85,33249,33265
2022-11-28 22:50:00.000000000,1669647000000000000,1739.0,1739.0,1736.0,1736.0,48,33265,33267
2022-11-28 22:51:00.000000000,1669647060000000000,1736.0,1738.0,1736.0,1737.5,29,33267,33276
2022-11-28 22:52:00.000000000,1669647120000000000,1737.5,1737.5,1736.5,1737.0,20,33276,33287
2022-11-28 22:53:00.000000000,1669647180000000000,1737.0,1738.0,1736.0,1736.0,20,33287,33284
2022-11-28 22:54:00.000000000,1669647240000000000,1736.0,1736.5,1735.0,1735.5,20,33284,33295
2022-11-28 22:55:00.000000000,1669647300000000000,1735.5,1737.5,1735.5,1737.5,23,33295,33297
2022-11-28 22:56:00.000000000,1669647360000000000,1737.5,1739.5,1737.5,1739.0,54,33297,33308
2022-11-28 22:57:00.000000000,1669647420000000000,1739.0,1741.5,1739.0,1741.5,110,33308,33322
2022-11-28 22:58:00.000000000,1669647480000000000,1741.5,1751.5,1741.0,1750.5,326,33322,33230
2022-11-28 22:59:00.000000000,1669647540000000000,1750.5,1752.0,1744.5,1752.0,210,33230,33176
2022-11-29 09:00:00.000000000,1669683600000000000,1753.0,1755.0,1750.5,1753.0,317,33176,33183
2022-11-29 09:01:00.000000000,1669683660000000000,1753.0,1760.0,1753.0,1757.5,208,33183,33216
2022-11-29 09:02:00.000000000,1669683720000000000,1757.5,1758.5,1755.0,1756.0,108,33216,33236
2022-11-29 09:03:00.000000000,1669683780000000000,1756.0,1757.0,1751.5,1752.0,170,33236,33238
2022-11-29 09:04:00.000000000,1669683840000000000,1752.0,1752.5,1750.0,1750.0,98,33238,33247
2022-11-29 09:05:00.000000000,1669683900000000000,1750.0,1753.0,1750.0,1753.0,94,33247,33240
2022-11-29 09:06:00.000000000,1669683960000000000,1753.0,1753.0,1750.5,1751.5,132,33240,33227
2022-11-29 09:07:00.000000000,1669684020000000000,1751.5,1753.5,1750.5,1751.5,142,33227,33201
2022-11-29 09:08:00.000000000,1669684080000000000,1751.5,1754.0,1751.5,1754.0,50,33201,33189
2022-11-29 09:09:00.000000000,1669684140000000000,1754.0,1755.0,1753.0,1753.5,67,33189,33194
2022-11-29 09:10:00.000000000,1669684200000000000,1753.5,1759.5,1753.5,1759.5,117,33194,33201
2022-11-29 09:11:00.000000000,1669684260000000000,1759.5,1766.5,1759.0,1764.5,326,33201,33216
2022-11-29 09:12:00.000000000,1669684320000000000,1764.5,1775.0,1764.5,1773.0,320,33216,33215
2022-11-29 09:13:00.000000000,1669684380000000000,1773.0,1780.0,1773.0,1777.5,292,33215,33202
2022-11-29 09:14:00.000000000,1669684440000000000,1777.5,1777.5,1771.0,1773.0,300,33202,33207
2022-11-29 09:15:00.000000000,1669684500000000000,1773.0,1773.5,1770.0,1770.5,76,33207,33237
2022-11-29 09:16:00.000000000,1669684560000000000,1770.5,1771.5,1768.0,1770.0,73,33237,33252
2022-11-29 09:17:00.000000000,1669684620000000000,1770.0,1770.0,1767.0,1767.0,44,33252,33266
2022-11-29 09:18:00.000000000,1669684680000000000,1767.0,1769.0,1767.0,1767.0,58,33266,33298
2022-11-29 09:19:00.000000000,1669684740000000000,1767.0,1769.0,1767.0,1768.5,43,33298,33311
2022-11-29 09:20:00.000000000,1669684800000000000,1768.5,1770.5,1768.5,1770.0,81,33311,33335
2022-11-29 09:21:00.000000000,1669684860000000000,1770.0,1771.0,1769.0,1770.0,54,33335,33363
2022-11-29 09:22:00.000000000,1669684920000000000,1770.0,1772.5,1770.0,1772.5,66,33363,33360
2022-11-29 09:23:00.000000000,1669684980000000000,1772.5,1773.5,1772.0,1772.5,29,33360,33371
2022-11-29 09:24:00.000000000,1669685040000000000,1772.5,1775.5,1772.5,1775.5,69,33371,33381
2022-11-29 09:25:00.000000000,1669685100000000000,1775.5,1776.5,1773.5,1775.0,66,33381,33391
2022-11-29 09:26:00.000000000,1669685160000000000,1775.0,1776.5,1774.0,1776.5,45,33391,33400
2022-11-29 09:27:00.000000000,1669685220000000000,1776.5,1776.5,1774.0,1774.0,32,33400,33392
2022-11-29 09:28:00.000000000,1669685280000000000,1774.0,1775.5,1774.0,1775.0,35,33392,33378
2022-11-29 09:29:00.000000000,1669685340000000000,1775.0,1778.5,1775.0,1777.5,65,33378,33364
2022-11-29 09:30:00.000000000,1669685400000000000,1777.5,1778.0,1776.0,1777.0,49,33364,33369
2022-11-29 09:31:00.000000000,1669685460000000000,1777.0,1779.5,1777.0,1779.5,66,33369,33362
2022-11-29 09:32:00.000000000,1669685520000000000,1779.5,1781.5,1779.0,1781.5,128,33362,33380
2022-11-29 09:33:00.000000000,1669685580000000000,1781.5,1786.0,1781.5,1785.0,201,33380,33337
2022-11-29 09:34:00.000000000,1669685640000000000,1785.0,1786.5,1784.5,1786.5,73,33337,33325
2022-11-29 09:35:00.000000000,1669685700000000000,1786.5,1787.5,1784.0,1784.0,78,33325,33319
2022-11-29 09:36:00.000000000,1669685760000000000,1784.0,1785.0,1783.5,1784.0,58,33319,33313
2022-11-29 09:37:00.000000000,1669685820000000000,1784.0,1786.0,1784.0,1784.5,79,33313,33343
2022-11-29 09:38:00.000000000,1669685880000000000,1784.5,1785.5,1784.5,1785.0,41,33343,33353
2022-11-29 09:39:00.000000000,1669685940000000000,1785.0,1786.0,1784.5,1785.5,53,33353,33377
2022-11-29 09:40:00.000000000,1669686000000000000,1785.5,1785.5,1782.0,1782.0,48,33377,33402
2022-11-29 09:41:00.000000000,1669686060000000000,1782.0,1782.0,1778.0,1779.5,47,33402,33403
2022-11-29 09:42:00.000000000,1669686120000000000,1779.5,1779.5,1770.5,1772.0,187,33403,33353
2022-11-29 09:43:00.000000000,1669686180000000000,1772.0,1775.0,1771.5,1773.0,56,33353,33359
2022-11-29 09:44:00.000000000,1669686240000000000,1773.0,1774.5,1771.5,1771.5,42,33359,33389
2022-11-29 09:45:00.000000000,1669686300000000000,1771.5,1772.0,1766.0,1767.0,178,33389,33422
2022-11-29 09:46:00.000000000,1669686360000000000,1767.0,1767.0,1764.0,1765.5,157,33422,33374
2022-11-29 09:47:00.000000000,1669686420000000000,1765.5,1766.0,1764.5,1764.5,75,33374,33376
2022-11-29 09:48:00.000000000,1669686480000000000,1764.5,1767.5,1764.0,1766.5,64,33376,33387
2022-11-29 09:49:00.000000000,1669686540000000000,1766.5,1767.0,1766.0,1766.0,47,33387,33409
2022-11-29 09:50:00.000000000,1669686600000000000,1766.0,1766.5,1762.0,1762.0,76,33409,33432
2022-11-29 09:51:00.000000000,1669686660000000000,1762.0,1762.5,1761.0,1761.0,108,33432,33445
2022-11-29 09:52:00.000000000,1669686720000000000,1761.0,1763.0,1761.0,1763.0,42,33445,33453
2022-11-29 09:53:00.000000000,1669686780000000000,1763.0,1764.0,1761.5,1763.0,42,33453,33470
2022-11-29 09:54:00.000000000,1669686840000000000,1763.0,1763.5,1762.0,1762.5,48,33470,33498
2022-11-29 09:55:00.000000000,1669686900000000000,1762.5,1763.0,1762.0,1763.0,26,33498,33501
2022-11-29 09:56:00.000000000,1669686960000000000,1763.0,1763.0,1762.0,1762.5,22,33501,33509
2022-11-29 09:57:00.000000000,1669687020000000000,1762.5,1765.5,1762.0,1765.0,53,33509,33507
2022-11-29 09:58:00.000000000,1669687080000000000,1765.0,1766.0,1765.0,1765.5,26,33507,33513
2022-11-29 09:59:00.000000000,1669687140000000000,1765.5,1766.5,1764.5,1764.5,20,33513,33520
2022-11-29 10:00:00.000000000,1669687200000000000,1764.5,1766.5,1764.0,1766.0,20,33520,33529
2022-11-29 10:01:00.000000000,1669687260000000000,1766.0,1766.0,1763.5,1763.5,37,33529,33529
2022-11-29 10:02:00.000000000,1669687320000000000,1763.5,1767.5,1763.5,1767.0,56,33529,33551
2022-11-29 10:03:00.000000000,1669687380000000000,1767.0,1767.0,1764.5,1766.0,50,33551,33584
2022-11-29 10:04:00.000000000,1669687440000000000,1766.0,1766.0,1764.5,1764.5,20,33584,33597
2022-11-29 10:05:00.000000000,1669687500000000000,1764.5,1765.0,1764.5,1764.5,14,33597,33598
2022-11-29 10:06:00.000000000,1669687560000000000,1764.5,1767.0,1764.5,1766.0,35,33598,33597
2022-11-29 10:07:00.000000000,1669687620000000000,1766.0,1766.5,1765.5,1766.0,28,33597,33594
2022-11-29 10:08:00.000000000,1669687680000000000,1766.0,1766.0,1764.5,1766.0,38,33594,33599
2022-11-29 10:09:00.000000000,1669687740000000000,1766.0,1768.0,1764.5,1768.0,38,33599,33581
2022-11-29 10:10:00.000000000,1669687800000000000,1768.0,1768.5,1766.0,1768.0,17,33581,33577
2022-11-29 10:11:00.000000000,1669687860000000000,1768.0,1769.5,1768.0,1769.5,19,33577,33572
2022-11-29 10:12:00.000000000,1669687920000000000,1769.5,1771.5,1769.5,1770.0,61,33572,33586
2022-11-29 10:13:00.000000000,1669687980000000000,1770.0,1773.5,1770.0,1773.0,44,33586,33597
2022-11-29 10:14:00.000000000,1669688040000000000,1773.0,1774.0,1772.0,1774.0,68,33597,33600
2022-11-29 10:30:00.000000000,1669689000000000000,1774.0,1774.5,1766.5,1766.5,117,33600,33649
2022-11-29 10:31:00.000000000,1669689060000000000,1766.5,1771.5,1766.5,1771.5,47,33649,33662
2022-11-29 10:32:00.000000000,1669689120000000000,1771.5,1771.5,1767.5,1768.5,26,33662,33662
2022-11-29 10:33:00.000000000,1669689180000000000,1768.5,1770.5,1768.5,1770.5,19,33662,33665
2022-11-29 10:34:00.000000000,1669689240000000000,1770.5,1771.5,1767.5,1767.5,48,33665,33684
2022-11-29 10:35:00.000000000,1669689300000000000,1767.5,1768.5,1766.5,1767.5,40,33684,33712
2022-11-29 10:36:00.000000000,1669689360000000000,1767.5,1767.5,1766.0,1766.0,19,33712,33712
2022-11-29 10:37:00.000000000,1669689420000000000,1766.0,1766.5,1763.0,1763.0,74,33712,33738
2022-11-29 10:38:00.000000000,1669689480000000000,1763.0,1763.0,1758.5,1760.0,154,33738,33730
2022-11-29 10:39:00.000000000,1669689540000000000,1760.0,1760.5,1758.5,1760.0,70,33730,33716
2022-11-29 10:40:00.000000000,1669689600000000000,1760.0,1763.5,1760.0,1763.5,27,33716,33717
2022-11-29 10:41:00.000000000,1669689660000000000,1763.5,1765.0,1763.5,1764.5,26,33717,33720
2022-11-29 10:42:00.000000000,1669689720000000000,1764.5,1765.0,1761.0,1761.0,31,33720,33732
2022-11-29 10:43:00.000000000,1669689780000000000,1761.0,1762.0,1760.0,1761.0,24,33732,33739
2022-11-29 10:44:00.000000000,1669689840000000000,1761.0,1762.0,1761.0,1762.0,8,33739,33740
2022-11-29 10:45:00.000000000,1669689900000000000,1762.0,1765.5,1762.0,1765.5,27,33740,33752
2022-11-29 10:46:00.000000000,1669689960000000000,1765.5,1766.5,1765.0,1766.0,28,33752,33763
2022-11-29 10:47:00.000000000,1669690020000000000,1766.0,1766.0,1763.0,1763.0,61,33763,33776
2022-11-29 10:48:00.000000000,1669690080000000000,1763.0,1764.5,1761.5,1761.5,28,33776,33794
2022-11-29 10:49:00.000000000,1669690140000000000,1761.5,1762.0,1760.5,1760.5,21,33794,33801
2022-11-29 10:50:00.000000000,1669690200000000000,1760.5,1762.5,1759.5,1762.5,41,33801,33813
2022-11-29 10:51:00.000000000,1669690260000000000,1762.5,1763.0,1762.0,1762.0,4,33813,33816
2022-11-29 10:52:00.000000000,1669690320000000000,1762.0,1762.0,1760.0,1760.0,32,33816,33827
2022-11-29 10:53:00.000000000,1669690380000000000,1760.0,1762.0,1760.0,1760.0,27,33827,33836
2022-11-29 10:54:00.000000000,1669690440000000000,1760.0,1760.0,1759.0,1760.0,37,33836,33846
2022-11-29 10:55:00.000000000,1669690500000000000,1760.0,1761.5,1759.5,1759.5,20,33846,33842
2022-11-29 10:56:00.000000000,1669690560000000000,1759.5,1760.0,1755.0,1755.5,83,33842,33840
2022-11-29 10:57:00.000000000,1669690620000000000,1755.5,1756.5,1753.5,1753.5,65,33840,33847
2022-11-29 10:58:00.000000000,1669690680000000000,1753.5,1759.0,1753.5,1759.0,43,33847,33845
2022-11-29 10:59:00.000000000,1669690740000000000,1759.0,1759.0,1757.5,1758.0,23,33845,33851
2022-11-29 11:00:00.000000000,1669690800000000000,1758.0,1758.5,1757.0,1758.0,35,33851,33859
2022-11-29 11:01:00.000000000,1669690860000000000,1758.0,1759.0,1756.0,1757.0,34,33859,33881
2022-11-29 11:02:00.000000000,1669690920000000000,1757.0,1757.0,1755.0,1755.0,56,33881,33902
2022-11-29 11:03:00.000000000,1669690980000000000,1755.0,1755.0,1753.0,1754.0,65,33902,33920
2022-11-29 11:04:00.000000000,1669691040000000000,1754.0,1754.0,1750.5,1752.5,123,33920,33928
2022-11-29 11:05:00.000000000,1669691100000000000,1752.5,1752.5,1750.5,1752.0,116,33928,33943
2022-11-29 11:06:00.000000000,1669691160000000000,1752.0,1754.0,1751.5,1754.0,71,33943,33978
2022-11-29 11:07:00.000000000,1669691220000000000,1754.0,1755.0,1753.0,1754.0,28,33978,33988
2022-11-29 11:08:00.000000000,1669691280000000000,1754.0,1756.0,1754.0,1755.5,53,33988,34020
2022-11-29 11:09:00.000000000,1669691340000000000,1755.5,1756.0,1755.0,1756.0,10,34020,34019
2022-11-29 11:10:00.000000000,1669691400000000000,1756.0,1756.0,1755.0,1756.0,20,34019,34025
2022-11-29 11:11:00.000000000,1669691460000000000,1756.0,1756.0,1754.5,1755.0,12,34025,34024
2022-11-29 11:12:00.000000000,1669691520000000000,1755.0,1755.0,1754.0,1755.0,22,34024,34015
2022-11-29 11:13:00.000000000,1669691580000000000,1755.0,1756.0,1754.0,1755.0,13,34015,34014
2022-11-29 11:14:00.000000000,1669691640000000000,1755.0,1755.5,1754.5,1754.5,11,34014,34018
2022-11-29 11:15:00.000000000,1669691700000000000,1754.5,1756.0,1754.5,1756.0,6,34018,34022
2022-11-29 11:16:00.000000000,1669691760000000000,1756.0,1756.0,1755.0,1756.0,10,34022,34029
2022-11-29 11:17:00.000000000,1669691820000000000,1756.0,1756.0,1754.0,1754.0,18,34029,34028
2022-11-29 11:18:00.000000000,1669691880000000000,1754.0,1754.0,1753.0,1753.5,27,34028,34044
2022-11-29 11:19:00.000000000,1669691940000000000,1753.5,1755.0,1753.5,1755.0,45,34044,34069
2022-11-29 11:20:00.000000000,1669692000000000000,1755.0,1755.0,1754.5,1754.5,34,34069,34092
2022-11-29 11:21:00.000000000,1669692060000000000,1754.5,1755.0,1754.5,1755.0,18,34092,34100
2022-11-29 11:22:00.000000000,1669692120000000000,1755.0,1755.0,1754.5,1755.0,31,34100,34124
2022-11-29 11:23:00.000000000,1669692180000000000,1755.0,1755.0,1754.5,1755.0,35,34124,34149
2022-11-29 11:24:00.000000000,1669692240000000000,1755.0,1757.5,1755.0,1756.5,91,34149,34192
2022-11-29 11:25:00.000000000,1669692300000000000,1756.5,1757.0,1755.0,1757.0,24,34192,34185
2022-11-29 11:26:00.000000000,1669692360000000000,1757.0,1759.0,1757.0,1759.0,27,34185,34191
2022-11-29 11:27:00.000000000,1669692420000000000,1759.0,1762.0,1759.0,1760.5,30,34191,34201
2022-11-29 11:28:00.000000000,1669692480000000000,1760.5,1764.0,1760.5,1763.5,58,34201,34178
2022-11-29 11:29:00.000000000,1669692540000000000,1763.5,1765.0,1762.5,1762.5,46,34178,34162
2022-11-29 13:30:00.000000000,1669699800000000000,1764.0,1768.0,1764.0,1766.0,113,34162,34177
2022-11-29 13:31:00.000000000,1669699860000000000,1766.0,1769.5,1766.0,1768.0,91,34177,34195
2022-11-29 13:32:00.000000000,1669699920000000000,1768.0,1768.5,1766.0,1767.0,67,34195,34220
2022-11-29 13:33:00.000000000,1669699980000000000,1767.0,1767.5,1765.5,1766.0,42,34220,34229
2022-11-29 13:34:00.000000000,1669700040000000000,1766.0,1766.5,1765.0,1766.5,20,34229,34228
2022-11-29 13:35:00.000000000,1669700100000000000,1766.5,1767.0,1765.5,1766.5,32,34228,34243
2022-11-29 13:36:00.000000000,1669700160000000000,1766.5,1769.0,1766.5,1768.5,52,34243,34261
2022-11-29 13:37:00.000000000,1669700220000000000,1768.5,1770.0,1767.5,1767.5,42,34261,34283
2022-11-29 13:38:00.000000000,1669700280000000000,1767.5,1770.0,1767.5,1768.5,13,34283,34285
2022-11-29 13:39:00.000000000,1669700340000000000,1768.5,1768.5,1766.0,1766.0,49,34285,34298
2022-11-29 13:40:00.000000000,1669700400000000000,1766.0,1767.0,1765.0,1766.5,33,34298,34308
2022-11-29 13:41:00.000000000,1669700460000000000,1766.5,1768.0,1766.0,1768.0,56,34308,34316
2022-11-29 13:42:00.000000000,1669700520000000000,1768.0,1768.0,1767.0,1767.5,10,34316,34322
2022-11-29 13:43:00.000000000,1669700580000000000,1767.5,1767.5,1766.0,1766.5,11,34322,34323
2022-11-29 13:44:00.000000000,1669700640000000000,1766.5,1766.5,1761.5,1762.0,44,34323,34334
2022-11-29 13:45:00.000000000,1669700700000000000,1762.0,1763.5,1759.5,1759.5,59,34334,34327
2022-11-29 13:46:00.000000000,1669700760000000000,1759.5,1761.5,1759.5,1761.5,8,34327,34330
2022-11-29 13:47:00.000000000,1669700820000000000,1761.5,1761.5,1756.5,1757.0,72,34330,34311
2022-11-29 13:48:00.000000000,1669700880000000000,1757.0,1759.5,1756.5,1759.0,25,34311,34309
2022-11-29 13:49:00.000000000,1669700940000000000,1759.0,1759.5,1758.0,1758.5,33,34309,34306
2022-11-29 13:50:00.000000000,1669701000000000000,1758.5,1760.0,1758.5,1760.0,19,34306,34313
2022-11-29 13:51:00.000000000,1669701060000000000,1760.0,1760.0,1758.5,1760.0,24,34313,34325
2022-11-29 13:52:00.000000000,1669701120000000000,1760.0,1762.0,1760.0,1762.0,28,34325,34331
2022-11-29 13:53:00.000000000,1669701180000000000,1762.0,1762.0,1760.5,1760.5,19,34331,34335
2022-11-29 13:54:00.000000000,1669701240000000000,1760.5,1761.0,1760.0,1760.0,27,34335,34346
2022-11-29 13:55:00.000000000,1669701300000000000,1760.0,1760.0,1757.5,1757.5,31,34346,34366
2022-11-29 13:56:00.000000000,1669701360000000000,1757.5,1759.0,1756.5,1759.0,12,34366,34370
2022-11-29 13:57:00.000000000,1669701420000000000,1759.0,1760.0,1758.0,1760.0,20,34370,34374
2022-11-29 13:58:00.000000000,1669701480000000000,1760.0,1760.5,1759.0,1760.5,17,34374,34375
2022-11-29 13:59:00.000000000,1669701540000000000,1760.5,1760.5,1759.0,1759.0,11,34375,34377
2022-11-29 14:00:00.000000000,1669701600000000000,1759.0,1759.5,1758.0,1758.0,23,34377,34392
2022-11-29 14:01:00.000000000,1669701660000000000,1758.0,1761.0,1758.0,1761.0,12,34392,34386
2022-11-29 14:02:00.000000000,1669701720000000000,1761.0,1763.5,1761.0,1763.0,29,34386,34380
2022-11-29 14:03:00.000000000,1669701780000000000,1763.0,1763.5,1761.0,1761.0,41,34380,34391
2022-11-29 14:04:00.000000000,1669701840000000000,1761.0,1761.0,1760.0,1761.0,14,34391,34397
2022-11-29 14:05:00.000000000,1669701900000000000,1761.0,1762.0,1761.0,1761.0,21,34397,34409
2022-11-29 14:06:00.000000000,1669701960000000000,1761.0,1761.5,1760.0,1761.0,13,34409,34412
2022-11-29 14:07:00.000000000,1669702020000000000,1761.0,1761.5,1760.5,1761.5,19,34412,34422
2022-11-29 14:08:00.000000000,1669702080000000000,1761.5,1762.0,1761.5,1762.0,40,34422,34456
2022-11-29 14:09:00.000000000,1669702140000000000,1762.0,1762.0,1759.5,1759.5,63,34456,34499
2022-11-29 14:10:00.000000000,1669702200000000000,1759.5,1761.5,1759.5,1760.5,26,34499,34515
2022-11-29 14:11:00.000000000,1669702260000000000,1760.5,1761.0,1760.5,1760.5,18,34515,34526
2022-11-29 14:12:00.000000000,1669702320000000000,1760.5,1760.5,1758.5,1758.5,28,34526,34539
2022-11-29 14:13:00.000000000,1669702380000000000,1758.5,1759.5,1758.0,1758.5,27,34539,34544
2022-11-29 14:14:00.000000000,1669702440000000000,1758.5,1759.0,1757.5,1758.0,61,34544,34577
2022-11-29 14:15:00.000000000,1669702500000000000,1758.0,1758.5,1757.5,1757.5,18,34577,34582
2022-11-29 14:16:00.000000000,1669702560000000000,1757.5,1758.5,1757.0,1757.0,34,34582,34598
2022-11-29 14:17:00.000000000,1669702620000000000,1757.0,1758.5,1757.0,1758.5,21,34598,34599
2022-11-29 14:18:00.000000000,1669702680000000000,1758.5,1759.5,1758.0,1758.0,11,34599,34604
2022-11-29 14:19:00.000000000,1669702740000000000,1758.0,1758.5,1757.5,1757.5,20,34604,34611
2022-11-29 14:20:00.000000000,1669702800000000000,1757.5,1757.5,1756.5,1757.5,39,34611,34627
2022-11-29 14:21:00.000000000,1669702860000000000,1757.5,1757.5,1756.0,1757.0,18,34627,34622
2022-11-29 14:22:00.000000000,1669702920000000000,1757.0,1757.0,1756.0,1757.0,19,34622,34630
2022-11-29 14:23:00.000000000,1669702980000000000,1757.0,1758.5,1757.0,1757.5,19,34630,34639
2022-11-29 14:24:00.000000000,1669703040000000000,1757.5,1758.0,1755.5,1757.5,12,34639,34645
2022-11-29 14:25:00.000000000,1669703100000000000,1757.5,1757.5,1756.5,1756.5,6,34645,34646
2022-11-29 14:26:00.000000000,1669703160000000000,1756.5,1757.0,1755.5,1756.5,18,34646,34653
2022-11-29 14:27:00.000000000,1669703220000000000,1756.5,1759.5,1756.5,1759.5,18,34653,34657
2022-11-29 14:28:00.000000000,1669703280000000000,1759.5,1759.5,1757.5,1757.5,8,34657,34660
2022-11-29 14:29:00.000000000,1669703340000000000,1757.5,1759.0,1757.5,1758.5,9,34660,34667
2022-11-29 14:30:00.000000000,1669703400000000000,1758.5,1761.0,1757.5,1760.5,28,34667,34669
2022-11-29 14:31:00.000000000,1669703460000000000,1760.5,1760.5,1757.5,1757.5,19,34669,34679
2022-11-29 14:32:00.000000000,1669703520000000000,1757.5,1758.0,1757.5,1758.0,13,34679,34686
2022-11-29 14:33:00.000000000,1669703580000000000,1758.0,1759.5,1757.5,1757.5,25,34686,34695
2022-11-29 14:34:00.000000000,1669703640000000000,1757.5,1760.0,1757.0,1759.0,18,34695,34700
2022-11-29 14:35:00.000000000,1669703700000000000,1759.0,1761.0,1759.0,1760.0,25,34700,34712
2022-11-29 14:36:00.000000000,1669703760000000000,1760.0,1760.5,1758.0,1759.5,37,34712,34726
2022-11-29 14:37:00.000000000,1669703820000000000,1759.5,1760.5,1759.5,1760.5,28,34726,34721
2022-11-29 14:38:00.000000000,1669703880000000000,1760.5,1761.0,1760.0,1761.0,22,34721,34729
2022-11-29 14:39:00.000000000,1669703940000000000,1761.0,1761.5,1760.0,1761.0,104,34729,34763
2022-11-29 14:40:00.000000000,1669704000000000000,1761.0,1761.0,1760.0,1761.0,7,34763,34764
2022-11-29 14:41:00.000000000,1669704060000000000,1761.0,1762.0,1760.0,1762.0,25,34764,34782
2022-11-29 14:42:00.000000000,1669704120000000000,1762.0,1762.0,1761.0,1762.0,18,34782,34790
2022-11-29 14:43:00.000000000,1669704180000000000,1762.0,1762.0,1761.5,1762.0,23,34790,34793
2022-11-29 14:44:00.000000000,1669704240000000000,1762.0,1762.0,1761.5,1761.5,95,34793,34843
2022-11-29 14:45:00.000000000,1669704300000000000,1761.5,1763.5,1761.5,1763.5,19,34843,34846
2022-11-29 14:46:00.000000000,1669704360000000000,1763.5,1763.5,1762.0,1762.0,16,34846,34844
2022-11-29 14:47:00.000000000,1669704420000000000,1762.0,1762.0,1760.0,1761.0,13,34844,34843
2022-11-29 14:48:00.000000000,1669704480000000000,1761.0,1762.5,1760.0,1762.5,22,34843,34844
2022-11-29 14:49:00.000000000,1669704540000000000,1762.5,1762.5,1761.0,1761.0,7,34844,34845
2022-11-29 14:50:00.000000000,1669704600000000000,1761.0,1761.5,1760.0,1761.5,21,34845,34849
2022-11-29 14:51:00.000000000,1669704660000000000,1761.5,1761.5,1760.5,1761.0,17,34849,34854
2022-11-29 14:52:00.000000000,1669704720000000000,1761.0,1761.5,1760.0,1760.5,38,34854,34845
2022-11-29 14:53:00.000000000,1669704780000000000,1760.5,1761.0,1758.0,1759.0,71,34845,34873
2022-11-29 14:54:00.000000000,1669704840000000000,1759.0,1759.0,1756.5,1757.0,77,34873,34906
2022-11-29 14:55:00.000000000,1669704900000000000,1757.0,1758.5,1756.0,1756.5,70,34906,34913
2022-11-29 14:56:00.000000000,1669704960000000000,1756.5,1758.5,1756.5,1758.0,39,34913,34913
2022-11-29 14:57:00.000000000,1669705020000000000,1758.0,1758.5,1756.5,1756.5,23,34913,34904
2022-11-29 14:58:00.000000000,1669705080000000000,1756.5,1756.5,1755.0,1756.5,38,34904,34910
2022-11-29 14:59:00.000000000,1669705140000000000,1756.5,1758.0,1755.0,1756.5,75,34910,34920
2022-11-29 21:00:00.000000000,1669726800000000000,1754.0,1758.5,1751.0,1758.5,245,34920,35003
2022-11-29 21:01:00.000000000,1669726860000000000,1758.5,1759.5,1757.5,1759.5,108,35003,35040
2022-11-29 21:02:00.000000000,1669726920000000000,1759.5,1762.0,1759.0,1759.5,110,35040,35067
2022-11-29 21:03:00.000000000,1669726980000000000,1759.5,1759.5,1750.0,1750.0,303,35067,35148
2022-11-29 21:04:00.000000000,1669727040000000000,1750.0,1750.0,1743.5,1745.0,292,35148,35176
2022-11-29 21:05:00.000000000,1669727100000000000,1745.0,1751.5,1744.0,1751.0,107,35176,35182
2022-11-29 21:06:00.000000000,1669727160000000000,1751.0,1758.0,1751.0,1756.5,249,35182,35211
2022-11-29 21:07:00.000000000,1669727220000000000,1756.5,1761.0,1756.5,1761.0,99,35211,35226
2022-11-29 21:08:00.000000000,1669727280000000000,1761.0,1764.5,1760.0,1763.0,151,35226,35249
2022-11-29 21:09:00.000000000,1669727340000000000,1763.0,1764.0,1760.5,1762.5,130,35249,35289
2022-11-29 21:10:00.000000000,1669727400000000000,1762.5,1762.5,1758.5,1758.5,94,35289,35330
2022-11-29 21:11:00.000000000,1669727460000000000,1758.5,1759.0,1757.0,1758.0,98,35330,35348
2022-11-29 21:12:00.000000000,1669727520000000000,1758.0,1759.0,1757.0,1759.0,40,35348,35370
2022-11-29 21:13:00.000000000,1669727580000000000,1759.0,1759.0,1753.5,1753.5,86,35370,35418
2022-11-29 21:14:00.000000000,1669727640000000000,1753.5,1755.0,1751.5,1751.5,79,35418,35442
2022-11-29 21:15:00.000000000,1669727700000000000,1751.5,1755.0,1751.5,1754.0,31,35442,35447
2022-11-29 21:16:00.000000000,1669727760000000000,1754.0,1755.0,1753.0,1755.0,56,35447,35448
2022-11-29 21:17:00.000000000,1669727820000000000,1755.0,1755.0,1750.0,1751.0,112,35448,35493
2022-11-29 21:18:00.000000000,1669727880000000000,1751.0,1751.5,1749.0,1750.5,105,35493,35523
2022-11-29 21:19:00.000000000,1669727940000000000,1750.5,1751.0,1749.0,1749.0,55,35523,35549
2022-11-29 21:20:00.000000000,1669728000000000000,1749.0,1750.5,1748.5,1750.5,91,35549,35542
2022-11-29 21:21:00.000000000,1669728060000000000,1750.5,1754.0,1750.5,1753.5,117,35542,35542
2022-11-29 21:22:00.000000000,1669728120000000000,1753.5,1753.5,1750.5,1752.5,62,35542,35559
2022-11-29 21:23:00.000000000,1669728180000000000,1752.5,1752.5,1751.5,1752.5,10,35559,35559
2022-11-29 21:24:00.000000000,1669728240000000000,1752.5,1754.5,1752.0,1753.0,64,35559,35588
2022-11-29 21:25:00.000000000,1669728300000000000,1753.0,1754.5,1753.0,1754.5,44,35588,35583
2022-11-29 21:26:00.000000000,1669728360000000000,1754.5,1754.5,1752.0,1752.0,46,35583,35602
2022-11-29 21:27:00.000000000,1669728420000000000,1752.0,1752.0,1749.0,1749.0,68,35602,35611
2022-11-29 21:28:00.000000000,1669728480000000000,1749.0,1751.5,1749.0,1751.5,37,35611,35617
2022-11-29 21:29:00.000000000,1669728540000000000,1751.5,1751.5,1749.5,1749.5,22,35617,35624
2022-11-29 21:30:00.000000000,1669728600000000000,1749.5,1751.5,1749.0,1750.0,50,35624,35615
2022-11-29 21:31:00.000000000,1669728660000000000,1750.0,1750.0,1749.5,1750.0,26,35615,35616
2022-11-29 21:32:00.000000000,1669728720000000000,1750.0,1753.0,1750.0,1753.0,24,35616,35627
2022-11-29 21:33:00.000000000,1669728780000000000,1753.0,1753.0,1752.0,1753.0,30,35627,35643
2022-11-29 21:34:00.000000000,1669728840000000000,1753.0,1753.5,1752.5,1753.0,24,35643,35645
2022-11-29 21:35:00.000000000,1669728900000000000,1753.0,1757.0,1753.0,1755.5,103,35645,35680
2022-11-29 21:36:00.000000000,1669728960000000000,1755.5,1759.0,1755.5,1758.5,70,35680,35686
2022-11-29 21:37:00.000000000,1669729020000000000,1758.5,1759.0,1758.0,1758.5,44,35686,35693
2022-11-29 21:38:00.000000000,1669729080000000000,1758.5,1758.5,1755.5,1755.5,58,35693,35695
2022-11-29 21:39:00.000000000,1669729140000000000,1755.5,1758.0,1755.5,1757.5,25,35695,35703
2022-11-29 21:40:00.000000000,1669729200000000000,1757.5,1757.5,1756.5,1756.5,13,35703,35708
2022-11-29 21:41:00.000000000,1669729260000000000,1756.5,1758.0,1755.5,1758.0,11,35708,35707
2022-11-29 21:42:00.000000000,1669729320000000000,1758.0,1760.0,1758.0,1759.5,50,35707,35711
2022-11-29 21:43:00.000000000,1669729380000000000,1759.5,1760.0,1756.5,1757.5,27,35711,35725
2022-11-29 21:44:00.000000000,1669729440000000000,1757.5,1760.0,1757.5,1758.0,43,35725,35754
2022-11-29 21:45:00.000000000,1669729500000000000,1758.0,1760.5,1758.0,1760.5,48,35754,35762
2022-11-29 21:46:00.000000000,1669729560000000000,1760.5,1760.5,1759.5,1760.5,56,35762,35780
2022-11-29 21:47:00.000000000,1669729620000000000,1760.5,1763.0,1760.5,1762.0,73,35780,35789
2022-11-29 21:48:00.000000000,1669729680000000000,1762.0,1762.0,1761.5,1762.0,19,35789,35800
2022-11-29 21:49:00.000000000,1669729740000000000,1762.0,1762.0,1760.5,1761.0,14,35800,35806
2022-11-29 21:50:00.000000000,1669729800000000000,1761.0,1761.0,1759.5,1760.0,24,35806,35817
2022-11-29 21:51:00.000000000,1669729860000000000,1760.0,1760.0,1758.0,1759.0,18,35817,35820
2022-11-29 21:52:00.000000000,1669729920000000000,1759.0,1759.5,1758.0,1759.0,16,35820,35817
2022-11-29 21:53:00.000000000,1669729980000000000,1759.0,1760.0,1758.5,1758.5,16,35817,35818
2022-11-29 21:54:00.000000000,1669730040000000000,1758.5,1759.5,1758.5,1759.5,8,35818,35817
2022-11-29 21:55:00.000000000,1669730100000000000,1759.5,1759.5,1759.0,1759.0,7,35817,35819
2022-11-29 21:56:00.000000000,1669730160000000000,1759.0,1759.0,1755.5,1755.5,20,35819,35824
2022-11-29 21:57:00.000000000,1669730220000000000,1755.5,1757.5,1755.5,1757.0,24,35824,35825
2022-11-29 21:58:00.000000000,1669730280000000000,1757.0,1757.0,1754.5,1757.0,41,35825,35822
2022-11-29 21:59:00.000000000,1669730340000000000,1757.0,1757.5,1756.0,1756.0,16,35822,35816
2022-11-29 22:00:00.000000000,1669730400000000000,1756.0,1756.0,1753.0,1753.0,36,35816,35808
2022-11-29 22:01:00.000000000,1669730460000000000,1753.0,1755.5,1752.5,1755.0,15,35808,35810
2022-11-29 22:02:00.000000000,1669730520000000000,1755.0,1758.0,1755.0,1757.0,24,35810,35806
2022-11-29 22:03:00.000000000,1669730580000000000,1757.0,1758.0,1757.0,1758.0,11,35806,35810
2022-11-29 22:04:00.000000000,1669730640000000000,1758.0,1758.0,1755.5,1756.0,13,35810,35810
2022-11-29 22:05:00.000000000,1669730700000000000,1756.0,1757.0,1756.0,1757.0,4,35810,35811
2022-11-29 22:06:00.000000000,1669730760000000000,1757.0,1757.0,1756.0,1757.0,9,35811,35807
2022-11-29 22:07:00.000000000,1669730820000000000,1757.0,1757.5,1757.0,1757.0,4,35807,35806
2022-11-29 22:08:00.000000000,1669730880000000000,1757.0,1758.0,1756.0,1758.0,6,35806,35807
2022-11-29 22:09:00.000000000,1669730940000000000,1758.0,1758.0,1757.0,1757.0,8,35807,35807
2022-11-29 22:10:00.000000000,1669731000000000000,1757.0,1759.0,1756.5,1759.0,22,35807,35805
2022-11-29 22:11:00.000000000,1669731060000000000,1759.0,1760.0,1758.0,1760.0,34,35805,35818
2022-11-29 22:12:00.000000000,1669731120000000000,1760.0,1763.0,1760.0,1763.0,56,35818,35822
2022-11-29 22:13:00.000000000,1669731180000000000,1763.0,1763.0,1761.5,1761.5,17,35822,35823
2022-11-29 22:14:00.000000000,1669731240000000000,1761.5,1761.5,1760.0,1760.5,8,35823,35826
2022-11-29 22:15:00.000000000,1669731300000000000,1760.5,1763.5,1760.5,1763.5,18,35826,35826
2022-11-29 22:16:00.000000000,1669731360000000000,1763.5,1765.0,1763.0,1764.5,70,35826,35827
2022-11-29 22:17:00.000000000,1669731420000000000,1764.5,1764.5,1763.0,1763.5,22,35827,35822
2022-11-29 22:18:00.000000000,1669731480000000000,1763.5,1763.5,1762.0,1762.0,9,35822,35825
2022-11-29 22:19:00.000000000,1669731540000000000,1762.0,1762.0,1758.5,1760.0,15,35825,35828
2022-11-29 22:20:00.000000000,1669731600000000000,1760.0,1760.0,1759.0,1759.5,13,35828,35834
2022-11-29 22:21:00.000000000,1669731660000000000,1759.5,1761.5,1759.0,1761.0,25,35834,35832
2022-11-29 22:22:00.000000000,1669731720000000000,1761.0,1761.0,1761.0,1761.0,1,35832,35832
2022-11-29 22:23:00.000000000,1669731780000000000,1761.0,1762.5,1761.0,1762.0,12,35832,35836
2022-11-29 22:24:00.000000000,1669731840000000000,1762.0,1762.0,1761.5,1762.0,4,35836,35834
2022-11-29 22:25:00.000000000,1669731900000000000,1762.0,1763.0,1762.0,1763.0,4,35834,35835
2022-11-29 22:26:00.000000000,1669731960000000000,1763.0,1763.0,1762.0,1762.5,6,35835,35832
2022-11-29 22:27:00.000000000,1669732020000000000,1762.5,1762.5,1761.5,1761.5,8,35832,35835
2022-11-29 22:28:00.000000000,1669732080000000000,1761.5,1763.5,1761.0,1763.0,20,35835,35839
2022-11-29 22:29:00.000000000,1669732140000000000,1763.0,1765.0,1762.5,1763.0,56,35839,35863
2022-11-29 22:30:00.000000000,1669732200000000000,1763.0,1765.0,1763.0,1765.0,19,35863,35868
2022-11-29 22:31:00.000000000,1669732260000000000,1765.0,1765.0,1763.5,1763.5,5,35868,35872
2022-11-29 22:32:00.000000000,1669732320000000000,1763.5,1764.0,1761.0,1761.0,17,35872,35874
2022-11-29 22:33:00.000000000,1669732380000000000,1761.0,1762.5,1761.0,1762.0,11,35874,35879
2022-11-29 22:34:00.000000000,1669732440000000000,1762.0,1763.5,1762.0,1763.5,7,35879,35876
2022-11-29 22:35:00.000000000,1669732500000000000,1763.5,1763.5,1761.0,1761.5,11,35876,35879
2022-11-29 22:36:00.000000000,1669732560000000000,1761.5,1764.0,1761.5,1763.5,11,35879,35881
2022-11-29 22:37:00.000000000,1669732620000000000,1763.5,1764.0,1763.5,1764.0,4,35881,35882
2022-11-29 22:38:00.000000000,1669732680000000000,1764.0,1764.0,1762.5,1763.0,15,35882,35881
2022-11-29 22:39:00.000000000,1669732740000000000,1763.0,1764.0,1763.0,1763.5,6,35881,35885
2022-11-29 22:40:00.000000000,1669732800000000000,1763.5,1763.5,1761.5,1763.5,16,35885,35896
2022-11-29 22:41:00.000000000,1669732860000000000,1763.5,1763.5,1761.5,1762.0,4,35896,35898
2022-11-29 22:42:00.000000000,1669732920000000000,1762.0,1763.0,1761.5,1762.5,6,35898,35898
2022-11-29 22:43:00.000000000,1669732980000000000,1762.5,1763.0,1762.5,1762.5,2,35898,35896
2022-11-29 22:44:00.000000000,1669733040000000000,1762.5,1762.5,1761.0,1761.0,25,35896,35906
2022-11-29 22:45:00.000000000,1669733100000000000,1761.0,1761.0,1758.0,1758.0,52,35906,35909
2022-11-29 22:46:00.000000000,1669733160000000000,1758.0,1761.5,1758.0,1761.5,18,35909,35904
2022-11-29 22:47:00.000000000,1669733220000000000,1761.5,1761.5,1760.0,1760.0,13,35904,35905
2022-11-29 22:48:00.000000000,1669733280000000000,1760.0,1762.5,1760.0,1762.5,9,35905,35907
2022-11-29 22:49:00.000000000,1669733340000000000,1762.5,1762.5,1761.5,1762.5,3,35907,35907
2022-11-29 22:50:00.000000000,1669733400000000000,1762.5,1762.5,1760.0,1761.5,7,35907,35907
2022-11-29 22:51:00.000000000,1669733460000000000,1761.5,1761.5,1760.0,1760.0,7,35907,35909
2022-11-29 22:52:00.000000000,1669733520000000000,1760.0,1761.0,1759.5,1761.0,23,35909,35921
2022-11-29 22:53:00.000000000,1669733580000000000,1761.0,1761.0,1759.5,1759.5,11,35921,35920
2022-11-29 22:54:00.000000000,1669733640000000000,1759.5,1761.0,1759.5,1761.0,5,35920,35922
2022-11-29 22:55:00.000000000,1669733700000000000,1761.0,1761.0,1759.5,1760.0,12,35922,35925
2022-11-29 22:56:00.000000000,1669733760000000000,1760.0,1762.0,1760.0,1762.0,10,35925,35921
2022-11-29 22:57:00.000000000,1669733820000000000,1762.0,1762.5,1762.0,1762.0,27,35921,35920
2022-11-29 22:58:00.000000000,1669733880000000000,1762.0,1764.5,1762.0,1764.0,34,35920,35909
2022-11-29 22:59:00.000000000,1669733940000000000,1764.0,1765.0,1763.5,1764.5,31,35909,35904
2022-11-30 09:00:00.000000000,1669770000000000000,1762.5,1766.5,1761.5,1766.5,106,35904,35928
2022-11-30 09:01:00.000000000,1669770060000000000,1766.5,1770.0,1765.0,1769.0,187,35928,35985
2022-11-30 09:02:00.000000000,1669770120000000000,1769.0,1770.5,1768.0,1770.5,125,35985,35999
2022-11-30 09:03:00.000000000,1669770180000000000,1770.5,1770.5,1768.0,1769.0,72,35999,36010
2022-11-30 09:04:00.000000000,1669770240000000000,1769.0,1770.0,1767.5,1767.5,72,36010,36007
2022-11-30 09:05:00.000000000,1669770300000000000,1767.5,1768.5,1765.0,1767.5,84,36007,36005
2022-11-30 09:06:00.000000000,1669770360000000000,1767.5,1769.5,1767.0,1769.0,49,36005,36028
2022-11-30 09:07:00.000000000,1669770420000000000,1769.0,1769.5,1766.0,1767.0,50,36028,36037
2022-11-30 09:08:00.000000000,1669770480000000000,1767.0,1770.0,1767.0,1770.0,83,36037,36052
2022-11-30 09:09:00.000000000,1669770540000000000,1770.0,1770.0,1768.0,1770.0,56,36052,36057
2022-11-30 09:10:00.000000000,1669770600000000000,1770.0,1770.5,1769.5,1769.5,73,36057,36085
2022-11-30 09:11:00.000000000,1669770660000000000,1769.5,1770.0,1765.0,1766.5,130,36085,36091
2022-11-30 09:12:00.000000000,1669770720000000000,1766.5,1767.0,1764.5,1765.5,89,36091,36068
2022-11-30 09:13:00.000000000,1669770780000000000,1765.5,1766.0,1764.0,1765.0,44,36068,36060
2022-11-30 09:14:00.000000000,1669770840000000000,1765.0,1767.5,1765.0,1767.0,39,36060,36036
2022-11-30 09:15:00.000000000,1669770900000000000,1767.0,1775.0,1766.0,1774.5,342,36036,36056
2022-11-30 09:16:00.000000000,1669770960000000000,1774.5,1775.0,1766.5,1766.5,116,36056,36094
2022-11-30 09:17:00.000000000,1669771020000000000,1766.5,1768.5,1765.5,1767.0,75,36094,36091
2022-11-30 09:18:00.000000000,1669771080000000000,1767.0,1769.0,1766.0,1768.0,30,36091,36087
2022-11-30 09:19:00.000000000,1669771140000000000,1768.0,1769.0,1767.0,1768.0,16,36087,36088
2022-11-30 09:20:00.000000000,1669771200000000000,1768.0,1769.0,1767.5,1767.5,16,36088,36092
2022-11-30 09:21:00.000000000,1669771260000000000,1767.5,1769.0,1767.5,1769.0,14,36092,36094
2022-11-30 09:22:00.000000000,1669771320000000000,1769.0,1770.0,1768.0,1769.5,26,36094,36101
2022-11-30 09:23:00.000000000,1669771380000000000,1769.5,1772.0,1768.5,1771.0,65,36101,36121
2022-11-30 09:24:00.000000000,1669771440000000000,1771.0,1773.0,1770.0,1773.0,24,36121,36124
2022-11-30 09:25:00.000000000,1669771500000000000,1773.0,1774.0,1771.5,1773.5,36,36124,36136
2022-11-30 09:26:00.000000000,1669771560000000000,1773.5,1773.5,1771.5,1771.5,64,36136,36165
2022-11-30 09:27:00.000000000,1669771620000000000,1771.5,1772.0,1770.0,1770.0,39,36165,36164
2022-11-30 09:28:00.000000000,1669771680000000000,1770.0,1770.5,1769.0,1770.5,12,36164,36170
2022-11-30 09:29:00.000000000,1669771740000000000,1770.5,1770.5,1767.5,1768.5,28,36170,36167
2022-11-30 09:30:00.000000000,1669771800000000000,1768.5,1769.0,1767.0,1767.0,37,36167,36181
2022-11-30 09:31:00.000000000,1669771860000000000,1767.0,1769.0,1767.0,1768.0,20,36181,36176
2022-11-30 09:32:00.000000000,1669771920000000000,1768.0,1770.0,1768.0,1770.0,23,36176,36181
2022-11-30 09:33:00.000000000,1669771980000000000,1770.0,1770.0,1768.5,1769.0,25,36181,36188
2022-11-30 09:34:00.000000000,1669772040000000000,1769.0,1770.0,1768.0,1769.0,22,36188,36197
2022-11-30 09:35:00.000000000,1669772100000000000,1769.0,1769.5,1768.0,1769.0,35,36197,36199
2022-11-30 09:36:00.000000000,1669772160000000000,1769.0,1771.0,1769.0,1771.0,27,36199,36212
2022-11-30 09:37:00.000000000,1669772220000000000,1771.0,1772.5,1770.0,1772.5,42,36212,36234
2022-11-30 09:38:00.000000000,1669772280000000000,1772.5,1775.0,1772.5,1775.0,74,36234,36261
2022-11-30 09:39:00.000000000,1669772340000000000,1775.0,1775.0,1774.0,1775.0,43,36261,36282
2022-11-30 09:40:00.000000000,1669772400000000000,1775.0,1777.0,1774.5,1777.0,80,36282,36286
2022-11-30 09:41:00.000000000,1669772460000000000,1777.0,1778.0,1776.5,1777.5,71,36286,36310
2022-11-30 09:42:00.000000000,1669772520000000000,1777.5,1777.5,1775.5,1777.0,29,36310,36316
2022-11-30 09:43:00.000000000,1669772580000000000,1777.0,1777.5,1776.0,1776.0,30,36316,36328
2022-11-30 09:44:00.000000000,1669772640000000000,1776.0,1776.0,1775.0,1776.0,9,36328,36329
2022-11-30 09:45:00.000000000,1669772700000000000,1776.0,1778.5,1776.0,1776.5,66,36329,36334
2022-11-30 09:46:00.000000000,1669772760000000000,1776.5,1777.5,1776.0,1777.5,18,36334,36341
2022-11-30 09:47:00.000000000,1669772820000000000,1777.5,1777.5,1776.5,1777.0,15,36341,36343
2022-11-30 09:48:00.000000000,1669772880000000000,1777.0,1777.0,1776.5,1777.0,5,36343,36346
2022-11-30 09:49:00.000000000,1669772940000000000,1777.0,1778.5,1777.0,1778.5,56,36346,36366
2022-11-30 09:50:00.000000000,1669773000000000000,1778.5,1778.5,1777.0,1777.0,22,36366,36361
2022-11-30 09:51:00.000000000,1669773060000000000,1777.0,1778.0,1776.5,1778.0,15,36361,36369
2022-11-30 09:52:00.000000000,1669773120000000000,1778.0,1779.5,1777.5,1779.0,71,36369,36352
2022-11-30 09:53:00.000000000,1669773180000000000,1779.0,1780.0,1778.0,1779.5,115,36352,36365
2022-11-30 09:54:00.000000000,1669773240000000000,1779.5,1782.0,1779.5,1780.5,153,36365,36381
2022-11-30 09:55:00.000000000,1669773300000000000,1780.5,1781.5,1779.0,1779.0,101,36381,36376
2022-11-30 09:56:00.000000000,1669773360000000000,1779.0,1781.5,1779.0,1781.5,64,36376,36412
2022-11-30 09:57:00.000000000,1669773420000000000,1781.5,1784.5,1779.5,1784.0,155,36412,36384
2022-11-30 09:58:00.000000000,1669773480000000000,1784.0,1784.0,1782.0,1783.5,97,36384,36428
2022-11-30 09:59:00.000000000,1669773540000000000,1783.5,1784.5,1782.0,1783.0,89,36428,36462
2022-11-30 10:00:00.000000000,1669773600000000000,1783.0,1783.0,1779.5,1780.5,97,36462,36497
2022-11-30 10:01:00.000000000,1669773660000000000,1780.5,1780.5,1776.5,1776.5,80,36497,36526
2022-11-30 10:02:00.000000000,1669773720000000000,1776.5,1779.0,1776.5,1779.0,35,36526,36520
2022-11-30 10:03:00.000000000,1669773780000000000,1779.0,1779.0,1777.0,1778.0,32,36520,36530
2022-11-30 10:04:00.000000000,1669773840000000000,1778.0,1778.5,1775.5,1778.5,49,36530,36548
2022-11-30 10:05:00.000000000,1669773900000000000,1778.5,1778.5,1775.0,1776.5,37,36548,36548
2022-11-30 10:06:00.000000000,1669773960000000000,1776.5,1778.0,1776.5,1777.5,26,36548,36549
2022-11-30 10:07:00.000000000,1669774020000000000,1777.5,1778.0,1773.0,1774.5,73,36549,36535
2022-11-30 10:08:00.000000000,1669774080000000000,1774.5,1775.5,1774.0,1775.0,25,36535,36534
2022-11-30 10:09:00.000000000,1669774140000000000,1775.0,1775.5,1775.0,1775.5,16,36534,36538
2022-11-30 10:10:00.000000000,1669774200000000000,1775.5,1777.5,1775.0,1777.5,40,36538,36563
2022-11-30 10:11:00.000000000,1669774260000000000,1777.5,1778.0,1777.0,1778.0,24,36563,36570
2022-11-30 10:12:00.000000000,1669774320000000000,1778.0,1778.0,1777.0,1777.5,24,36570,36580
2022-11-30 10:13:00.000000000,1669774380000000000,1777.5,1778.5,1777.5,1778.0,15,36580,36588
2022-11-30 10:14:00.000000000,1669774440000000000,1778.0,1781.0,1778.0,1780.0,67,36588,36603
2022-11-30 10:30:00.000000000,1669775400000000000,1781.0,1783.0,1780.0,1783.0,94,36603,36639
2022-11-30 10:31:00.000000000,1669775460000000000,1783.0,1785.0,1783.0,1783.5,78,36639,36671
2022-11-30 10:32:00.000000000,1669775520000000000,1783.5,1784.5,1783.0,1784.0,30,36671,36668
2022-11-30 10:33:00.000000000,1669775580000000000,1784.0,1784.0,1781.0,1781.0,52,36668,36694
2022-11-30 10:34:00.000000000,1669775640000000000,1781.0,1781.5,1780.0,1781.5,13,36694,36699
2022-11-30 10:35:00.000000000,1669775700000000000,1781.5,1781.5,1780.0,1780.5,16,36699,36700
2022-11-30 10:36:00.000000000,1669775760000000000,1780.5,1780.5,1776.0,1778.0,31,36700,36701
2022-11-30 10:37:00.000000000,1669775820000000000,1778.0,1779.0,1777.5,1778.5,19,36701,36699
2022-11-30 10:38:00.000000000,1669775880000000000,1778.5,1778.5,1777.5,1777.5,26,36699,36709
2022-11-30 10:39:00.000000000,1669775940000000000,1777.5,1777.5,1776.0,1777.5,29,36709,36717
2022-11-30 10:40:00.000000000,1669776000000000000,1777.5,1778.5,1776.0,1776.0,35,36717,36724
2022-11-30 10:41:00.000000000,1669776060000000000,1776.0,1777.0,1775.5,1776.0,27,36724,36733
2022-11-30 10:42:00.000000000,1669776120000000000,1776.0,1778.0,1775.0,1778.0,26,36733,36738
2022-11-30 10:43:00.000000000,1669776180000000000,1778.0,1780.0,1778.0,1778.0,31,36738,36753
2022-11-30 10:44:00.000000000,1669776240000000000,1778.0,1778.5,1778.0,1778.5,3,36753,36754
2022-11-30 10:45:00.000000000,1669776300000000000,1778.5,1779.5,1778.0,1779.0,11,36754,36753
2022-11-30 10:46:00.000000000,1669776360000000000,1779.0,1782.0,1779.0,1781.5,93,36753,36766
2022-11-30 10:47:00.000000000,1669776420000000000,1781.5,1783.5,1781.5,1783.0,35,36766,36768
2022-11-30 10:48:00.000000000,1669776480000000000,1783.0,1783.5,1782.5,1783.0,22,36768,36778
2022-11-30 10:49:00.000000000,1669776540000000000,1783.0,1783.5,1782.0,1782.0,41,36778,36797
2022-11-30 10:50:00.000000000,1669776600000000000,1782.0,1782.5,1781.0,1781.5,17,36797,36792
2022-11-30 10:51:00.000000000,1669776660000000000,1781.5,1783.0,1780.5,1781.0,27,36792,36806
2022-11-30 10:52:00.000000000,1669776720000000000,1781.0,1781.0,1778.0,1778.5,39,36806,36818
2022-11-30 10:53:00.000000000,1669776780000000000,1778.5,1778.5,1776.0,1776.5,67,36818,36850
2022-11-30 10:54:00.000000000,1669776840000000000,1776.5,1779.5,1776.5,1779.5,19,36850,36859
2022-11-30 10:55:00.000000000,1669776900000000000,1779.5,1779.5,1778.5,1778.5,15,36859,36865
2022-11-30 10:56:00.000000000,1669776960000000000,1778.5,1780.0,1778.5,1780.0,9,36865,36864
2022-11-30 10:57:00.000000000,1669777020000000000,1780.0,1781.0,1780.0,1781.0,12,36864,36869
2022-11-30 10:58:00.000000000,1669777080000000000,1781.0,1782.0,1780.5,1780.5,8,36869,36872
2022-11-30 10:59:00.000000000,1669777140000000000,1780.5,1782.0,1780.5,1780.5,15,36872,36880
2022-11-30 11:00:00.000000000,1669777200000000000,1780.5,1781.5,1780.5,1781.5,20,36880,36890
2022-11-30 11:01:00.000000000,1669777260000000000,1781.5,1783.0,1781.5,1783.0,15,36890,36887
2022-11-30 11:02:00.000000000,1669777320000000000,1783.0,1783.0,1781.0,1782.5,36,36887,36896
2022-11-30 11:03:00.000000000,1669777380000000000,1782.5,1782.5,1781.5,1782.5,14,36896,36898
2022-11-30 11:04:00.000000000,1669777440000000000,1782.5,1783.0,1781.5,1783.0,14,36898,36907
2022-11-30 11:05:00.000000000,1669777500000000000,1783.0,1785.0,1783.0,1783.0,41,36907,36917
2022-11-30 11:06:00.000000000,1669777560000000000,1783.0,1783.0,1782.0,1783.0,28,36917,36910
2022-11-30 11:07:00.000000000,1669777620000000000,1783.0,1783.5,1783.0,1783.5,11,36910,36911
2022-11-30 11:08:00.000000000,1669777680000000000,1783.5,1785.0,1783.5,1784.0,36,36911,36915
2022-11-30 11:09:00.000000000,1669777740000000000,1784.0,1784.5,1782.5,1784.5,22,36915,36919
2022-11-30 11:10:00.000000000,1669777800000000000,1784.5,1785.5,1784.5,1785.5,37,36919,36931
2022-11-30 11:11:00.000000000,1669777860000000000,1785.5,1785.5,1783.5,1785.5,27,36931,36941
2022-11-30 11:12:00.000000000,1669777920000000000,1785.5,1786.0,1785.0,1785.5,24,36941,36953
2022-11-30 11:13:00.000000000,1669777980000000000,1785.5,1785.5,1784.5,1784.5,23,36953,36958
2022-11-30 11:14:00.000000000,1669778040000000000,1784.5,1785.5,1784.0,1784.0,20,36958,36954
2022-11-30 11:15:00.000000000,1669778100000000000,1784.0,1784.5,1781.0,1781.0,54,36954,36958
2022-11-30 11:16:00.000000000,1669778160000000000,1781.0,1783.5,1781.0,1782.5,27,36958,36960
2022-11-30 11:17:00.000000000,1669778220000000000,1782.5,1782.5,1780.0,1780.5,79,36960,36973
2022-11-30 11:18:00.000000000,1669778280000000000,1780.5,1781.0,1779.5,1780.0,20,36973,36973
2022-11-30 11:19:00.000000000,1669778340000000000,1780.0,1781.5,1779.5,1780.5,21,36973,36970
2022-11-30 11:20:00.000000000,1669778400000000000,1780.5,1782.0,1780.5,1781.0,17,36970,36969
2022-11-30 11:21:00.000000000,1669778460000000000,1781.0,1782.5,1781.0,1782.5,6,36969,36970
2022-11-30 11:22:00.000000000,1669778520000000000,1782.5,1784.0,1782.0,1784.0,16,36970,36973
2022-11-30 11:23:00.000000000,1669778580000000000,1784.0,1784.0,1783.5,1783.5,20,36973,36968
2022-11-30 11:24:00.000000000,1669778640000000000,1783.5,1784.0,1783.0,1783.5,24,36968,36961
2022-11-30 11:25:00.000000000,1669778700000000000,1783.5,1786.0,1783.0,1786.0,38,36961,36964
2022-11-30 11:26:00.000000000,1669778760000000000,1786.0,1786.0,1784.0,1785.0,47,36964,36986
2022-11-30 11:27:00.000000000,1669778820000000000,1785.0,1785.0,1783.0,1785.0,31,36986,36977
2022-11-30 11:28:00.000000000,1669778880000000000,1785.0,1786.0,1785.0,1785.5,68,36977,36979
2022-11-30 11:29:00.000000000,1669778940000000000,1785.5,1786.0,1784.0,1784.0,39,36979,36981
2022-11-30 13:30:00.000000000,1669786200000000000,1784.0,1784.0,1776.5,1778.0,114,36981,36984
2022-11-30 13:31:00.000000000,1669786260000000000,1778.0,1780.0,1776.0,1776.5,97,36984,36983
2022-11-30 13:32:00.000000000,1669786320000000000,1776.5,1777.0,1770.5,1772.5,183,36983,36939
2022-11-30 13:33:00.000000000,1669786380000000000,1772.5,1773.0,1770.5,1773.0,128,36939,36967
2022-11-30 13:34:00.000000000,1669786440000000000,1773.0,1773.0,1771.5,1772.5,47,36967,36974
2022-11-30 13:35:00.000000000,1669786500000000000,1772.5,1772.5,1769.5,1771.5,186,36974,37009
2022-11-30 13:36:00.000000000,1669786560000000000,1771.5,1771.5,1769.0,1769.0,92,37009,37018
2022-11-30 13:37:00.000000000,1669786620000000000,1769.0,1773.0,1769.0,1773.0,58,37018,37009
2022-11-30 13:38:00.000000000,1669786680000000000,1773.0,1773.5,1771.5,1772.0,70,37009,37054
2022-11-30 13:39:00.000000000,1669786740000000000,1772.0,1772.5,1769.5,1769.5,116,37054,37044
2022-11-30 13:40:00.000000000,1669786800000000000,1769.5,1770.0,1765.5,1766.0,150,37044,37045
2022-11-30 13:41:00.000000000,1669786860000000000,1766.0,1767.5,1765.0,1765.0,121,37045,37051
2022-11-30 13:42:00.000000000,1669786920000000000,1765.0,1766.0,1763.5,1764.0,129,37051,37087
2022-11-30 13:43:00.000000000,1669786980000000000,1764.0,1765.5,1763.0,1763.0,115,37087,37103
2022-11-30 13:44:00.000000000,1669787040000000000,1763.0,1763.0,1759.0,1759.5,203,37103,37118
2022-11-30 13:45:00.000000000,1669787100000000000,1759.5,1759.5,1756.0,1757.5,215,37118,37093
2022-11-30 13:46:00.000000000,1669787160000000000,1757.5,1757.5,1756.0,1756.5,191,37093,37113
2022-11-30 13:47:00.000000000,1669787220000000000,1756.5,1757.0,1753.5,1754.0,186,37113,37168
2022-11-30 13:48:00.000000000,1669787280000000000,1754.0,1755.0,1752.0,1753.0,132,37168,37173
2022-11-30 13:49:00.000000000,1669787340000000000,1753.0,1757.5,1752.5,1757.5,88,37173,37134
2022-11-30 13:50:00.000000000,1669787400000000000,1757.5,1758.5,1756.0,1757.0,123,37134,37112
2022-11-30 13:51:00.000000000,1669787460000000000,1757.0,1758.5,1756.5,1757.5,83,37112,37083
2022-11-30 13:52:00.000000000,1669787520000000000,1757.5,1761.5,1757.5,1761.5,90,37083,37102
2022-11-30 13:53:00.000000000,1669787580000000000,1761.5,1762.0,1760.0,1760.0,105,37102,37102
2022-11-30 13:54:00.000000000,1669787640000000000,1760.0,1760.5,1759.0,1760.5,50,37102,37111
2022-11-30 13:55:00.000000000,1669787700000000000,1760.5,1760.5,1759.0,1759.5,34,37111,37100
2022-11-30 13:56:00.000000000,1669787760000000000,1759.5,1760.5,1759.0,1759.5,49,37100,37090
2022-11-30 13:57:00.000000000,1669787820000000000,1759.5,1761.5,1755.0,1758.0,244,37090,37070
2022-11-30 13:58:00.000000000,1669787880000000000,1758.0,1758.0,1754.0,1754.0,94,37070,37060
2022-11-30 13:59:00.000000000,1669787940000000000,1754.0,1754.0,1750.5,1750.5,175,37060,37079
2022-11-30 14:00:00.000000000,1669788000000000000,1750.5,1753.0,1750.0,1753.0,203,37079,37162
2022-11-30 14:01:00.000000000,1669788060000000000,1753.0,1757.0,1753.0,1755.0,53,37162,37172
2022-11-30 14:02:00.000000000,1669788120000000000,1755.0,1755.0,1752.5,1754.0,55,37172,37202
2022-11-30 14:03:00.000000000,1669788180000000000,1754.0,1757.5,1754.0,1757.5,61,37202,37222
2022-11-30 14:04:00.000000000,1669788240000000000,1757.5,1758.0,1756.5,1757.0,45,37222,37232
2022-11-30 14:05:00.000000000,1669788300000000000,1757.0,1760.0,1756.5,1758.5,34,37232,37233
2022-11-30 14:06:00.000000000,1669788360000000000,1758.5,1759.5,1758.0,1758.5,39,37233,37247
2022-11-30 14:07:00.000000000,1669788420000000000,1758.5,1760.0,1758.0,1759.0,50,37247,37225
2022-11-30 14:08:00.000000000,1669788480000000000,1759.0,1760.0,1759.0,1759.5,46,37225,37228
2022-11-30 14:09:00.000000000,1669788540000000000,1759.5,1759.5,1758.0,1758.0,20,37228,37235
2022-11-30 14:10:00.000000000,1669788600000000000,1758.0,1758.0,1757.0,1757.5,11,37235,37239
2022-11-30 14:11:00.000000000,1669788660000000000,1757.5,1758.0,1756.0,1756.5,30,37239,37250
2022-11-30 14:12:00.000000000,1669788720000000000,1756.5,1756.5,1755.0,1756.0,39,37250,37259
2022-11-30 14:13:00.000000000,1669788780000000000,1756.0,1756.0,1755.5,1755.5,10,37259,37261
2022-11-30 14:14:00.000000000,1669788840000000000,1755.5,1756.5,1755.0,1755.5,21,37261,37274
2022-11-30 14:15:00.000000000,1669788900000000000,1755.5,1758.0,1755.0,1757.0,27,37274,37279
2022-11-30 14:16:00.000000000,1669788960000000000,1757.0,1760.0,1757.0,1758.5,32,37279,37295
2022-11-30 14:17:00.000000000,1669789020000000000,1758.5,1761.5,1758.5,1761.5,54,37295,37301
2022-11-30 14:18:00.000000000,1669789080000000000,1761.5,1763.0,1761.5,1761.5,35,37301,37296
2022-11-30 14:19:00.000000000,1669789140000000000,1761.5,1762.5,1761.0,1762.5,48,37296,37282
2022-11-30 14:20:00.000000000,1669789200000000000,1762.5,1762.5,1761.0,1761.0,39,37282,37276
2022-11-30 14:21:00.000000000,1669789260000000000,1761.0,1762.0,1760.5,1761.5,11,37276,37276
2022-11-30 14:22:00.000000000,1669789320000000000,1761.5,1762.5,1761.0,1761.5,28,37276,37287
2022-11-30 14:23:00.000000000,1669789380000000000,1761.5,1762.5,1761.0,1762.5,16,37287,37286
2022-11-30 14:24:00.000000000,1669789440000000000,1762.5,1763.0,1761.0,1762.0,26,37286,37286
2022-11-30 14:25:00.000000000,1669789500000000000,1762.0,1762.5,1761.5,1761.5,8,37286,37286
2022-11-30 14:26:00.000000000,1669789560000000000,1761.5,1763.0,1761.5,1762.0,16,37286,37282
2022-11-30 14:27:00.000000000,1669789620000000000,1762.0,1762.5,1758.5,1758.5,34,37282,37295
2022-11-30 14:28:00.000000000,1669789680000000000,1758.5,1758.5,1756.0,1756.5,50,37295,37294
2022-11-30 14:29:00.000000000,1669789740000000000,1756.5,1760.5,1756.5,1760.5,59,37294,37278
2022-11-30 14:30:00.000000000,1669789800000000000,1760.5,1760.5,1757.0,1757.0,67,37278,37270
2022-11-30 14:31:00.000000000,1669789860000000000,1757.0,1760.0,1756.5,1760.0,35,37270,37278
2022-11-30 14:32:00.000000000,1669789920000000000,1760.0,1761.5,1760.0,1761.5,37,37278,37271
2022-11-30 14:33:00.000000000,1669789980000000000,1761.5,1763.5,1761.5,1762.0,64,37271,37255
2022-11-30 14:34:00.000000000,1669790040000000000,1762.0,1765.0,1762.0,1765.0,81,37255,37228
2022-11-30 14:35:00.000000000,1669790100000000000,1765.0,1765.5,1764.0,1764.0,50,37228,37214
2022-11-30 14:36:00.000000000,1669790160000000000,1764.0,1765.5,1763.5,1765.5,41,37214,37207
2022-11-30 14:37:00.000000000,1669790220000000000,1765.5,1766.5,1764.5,1766.5,30,37207,37203
2022-11-30 14:38:00.000000000,1669790280000000000,1766.5,1766.5,1764.0,1765.0,54,37203,37197
2022-11-30 14:39:00.000000000,1669790340000000000,1765.0,1767.5,1765.0,1766.5,48,37197,37203
2022-11-30 14:40:00.000000000,1669790400000000000,1766.5,1769.0,1766.5,1768.0,93,37203,37201
2022-11-30 14:41:00.000000000,1669790460000000000,1768.0,1769.5,1767.5,1769.0,59,37201,37220
2022-11-30 14:42:00.000000000,1669790520000000000,1769.0,1769.5,1768.0,1769.0,24,37220,37219
2022-11-30 14:43:00.000000000,1669790580000000000,1769.0,1769.0,1767.0,1767.5,44,37219,37214
2022-11-30 14:44:00.000000000,1669790640000000000,1767.5,1768.5,1767.5,1768.5,24,37214,37220
2022-11-30 14:45:00.000000000,1669790700000000000,1768.5,1769.0,1766.5,1768.0,27,37220,37215
2022-11-30 14:46:00.000000000,1669790760000000000,1768.0,1769.0,1767.5,1767.5,26,37215,37228
2022-11-30 14:47:00.000000000,1669790820000000000,1767.5,1767.5,1763.5,1763.5,40,37228,37229
2022-11-30 14:48:00.000000000,1669790880000000000,1763.5,1765.0,1763.5,1763.5,28,37229,37245
2022-11-30 14:49:00.000000000,1669790940000000000,1763.5,1763.5,1760.0,1760.0,78,37245,37248
2022-11-30 14:50:00.000000000,1669791000000000000,1760.0,1764.0,1760.0,1762.5,44,37248,37262
2022-11-30 14:51:00.000000000,1669791060000000000,1762.5,1764.5,1762.0,1764.0,47,37262,37288
2022-11-30 14:52:00.000000000,1669791120000000000,1764.0,1765.5,1764.0,1765.0,52,37288,37275
2022-11-30 14:53:00.000000000,1669791180000000000,1765.0,1768.0,1765.0,1768.0,32,37275,37282
2022-11-30 14:54:00.000000000,1669791240000000000,1768.0,1768.0,1766.0,1767.0,53,37282,37291
2022-11-30 14:55:00.000000000,1669791300000000000,1767.0,1767.0,1765.5,1766.0,24,37291,37292
2022-11-30 14:56:00.000000000,1669791360000000000,1766.0,1768.0,1766.0,1768.0,25,37292,37294
2022-11-30 14:57:00.000000000,1669791420000000000,1768.0,1770.0,1767.5,1770.0,101,37294,37327
2022-11-30 14:58:00.000000000,1669791480000000000,1770.0,1771.0,1769.0,1769.5,92,37327,37366
2022-11-30 14:59:00.000000000,1669791540000000000,1769.5,1770.5,1768.5,1769.0,59,37366,37356
