profile_id,instrument_symbol,contract_code,period,status,previous_market_data_file_id,next_market_data_file_id,previous_data_version,next_data_version,target_start,target_end,covers_target,selection_reason,block_reason
intraday_research_v1,a,a.MAIN,1m,would_change,55976,82765,rqdata_a_standard_1m_20230103_20260711_v2,rqdata_a_standard_1m_20020315_20260711_v2,2010-01-04,2026-07-10,True,covers_target_canonical_current,
intraday_research_v1,ad,ad.MAIN,1m,would_change,55977,71645,rqdata_ad_standard_1m_20230103_20260711_v2,rqdata_ad_standard_1m_20230103_20260712_v2,2025-06-10,2026-07-10,True,covers_target_canonical_current,
intraday_research_v1,ag,ag.MAIN,1m,would_change,55978,82784,rqdata_ag_standard_1m_20230103_20260711_v2,rqdata_ag_standard_1m_20120510_20260711_v2,2012-05-10,2026-07-10,True,covers_target_canonical_current,
intraday_research_v1,al,al.MAIN,1m,would_change,55979,82761,rqdata_al_standard_1m_20230103_20260711_v2,rqdata_al_standard_1m_20000104_20260711_v2,2010-01-04,2026-07-10,True,covers_target_canonical_current,
intraday_research_v1,ao,ao.MAIN,1m,would_change,55980,71648,rqdata_ao_standard_1m_20230103_20260711_v2,rqdata_ao_standard_1m_20230103_20260712_v2,2023-06-19,2026-07-10,True,covers_target_canonical_current,
intraday_research_v1,ap,ap.MAIN,1m,would_change,55981,82743,rqdata_ap_standard_1m_20230103_20260711_v2,rqdata_ap_standard_1m_20171222_20260711_v2,2017-12-22,2026-07-10,True,covers_target_canonical_current,
intraday_research_v1,au,au.MAIN,1m,would_change,55982,82776,rqdata_au_standard_1m_20230103_20260711_v2,rqdata_au_standard_1m_20080109_20260711_v2,2010-01-04,2026-07-10,True,covers_target_canonical_current,
intraday_research_v1,b,b.MAIN,1m,would_change,55983,82769,rqdata_b_standard_1m_20230103_20260711_v2,rqdata_b_standard_1m_20041222_20260711_v2,2010-01-04,2026-07-10,True,covers_target_canonical_current,
intraday_research_v1,bb,bb.MAIN,1m,would_change,55984,82757,rqdata_bb_standard_1m_20230103_20260711_v2,rqdata_bb_standard_1m_20131206_20260711_v2,2013-12-06,2026-07-10,True,covers_target_canonical_current,
intraday_research_v1,bc,bc.MAIN,1m,would_change,55985,71333,rqdata_bc_standard_1m_20230103_20260711_v2,rqdata_bc_standard_1m_20201119_20260711_v2,2020-11-19,2026-07-10,True,covers_target_canonical_current,
intraday_research_v1,br,br.MAIN,1m,would_change,55986,71651,rqdata_br_standard_1m_20230103_20260711_v2,rqdata_br_standard_1m_20230103_20260712_v2,2023-07-28,2026-07-10,True,covers_target_canonical_current,
intraday_research_v1,bu,bu.MAIN,1m,would_change,55987,82793,rqdata_bu_standard_1m_20230103_20260711_v2,rqdata_bu_standard_1m_20131009_20260711_v2,2013-10-09,2026-07-10,True,covers_target_canonical_current,
intraday_research_v1,bz,bz.MAIN,1m,would_change,55988,71654,rqdata_bz_standard_1m_20230103_20260711_v2,rqdata_bz_standard_1m_20230103_20260712_v2,2025-07-08,2026-07-10,True,covers_target_canonical_current,
intraday_research_v1,c,c.MAIN,1m,would_change,55989,82768,rqdata_c_standard_1m_20230103_20260711_v2,rqdata_c_standard_1m_20040922_20260711_v2,2010-01-04,2026-07-10,True,covers_target_canonical_current,
intraday_research_v1,cf,cf.MAIN,1m,would_change,55990,82766,rqdata_cf_standard_1m_20230103_20260711_v2,rqdata_cf_standard_1m_20040601_20260711_v2,2010-01-04,2026-07-10,True,covers_target_canonical_current,
intraday_research_v1,cj,cj.MAIN,1m,would_change,55991,82738,rqdata_cj_standard_1m_20230103_20260711_v2,rqdata_cj_standard_1m_20190430_20260711_v2,2019-04-30,2026-07-10,True,covers_target_canonical_current,
intraday_research_v1,cs,cs.MAIN,1m,would_change,55992,82751,rqdata_cs_standard_1m_20230103_20260711_v2,rqdata_cs_standard_1m_20141219_20260711_v2,2014-12-19,2026-07-10,True,covers_target_canonical_current,
intraday_research_v1,cu,cu.MAIN,1m,would_change,55993,82762,rqdata_cu_standard_1m_20230103_20260711_v2,rqdata_cu_standard_1m_20000104_20260711_v2,2010-01-04,2026-07-10,True,covers_target_canonical_current,
intraday_research_v1,cy,cy.MAIN,1m,would_change,55994,82744,rqdata_cy_standard_1m_20230103_20260711_v2,rqdata_cy_standard_1m_20170818_20260711_v2,2017-08-18,2026-07-10,True,covers_target_canonical_current,
intraday_research_v1,eb,eb.MAIN,1m,would_change,55995,82733,rqdata_eb_standard_1m_20230103_20260711_v2,rqdata_eb_standard_1m_20190926_20260711_v2,2019-09-26,2026-07-10,True,covers_target_canonical_current,
intraday_research_v1,ec,ec.MAIN,1m,would_change,55996,71657,rqdata_ec_standard_1m_20230103_20260711_v2,rqdata_ec_standard_1m_20230103_20260712_v2,2023-08-18,2026-07-10,True,covers_target_canonical_current,
intraday_research_v1,eg,eg.MAIN,1m,would_change,55997,82739,rqdata_eg_standard_1m_20230103_20260711_v2,rqdata_eg_standard_1m_20181210_20260711_v2,2018-12-10,2026-07-10,True,covers_target_canonical_current,
intraday_research_v1,fb,fb.MAIN,1m,would_change,55998,82758,rqdata_fb_standard_1m_20230103_20260711_v2,rqdata_fb_standard_1m_20131206_20260711_v2,2013-12-06,2026-07-10,True,covers_target_canonical_current,
intraday_research_v1,fg,fg.MAIN,1m,would_change,55999,82788,rqdata_fg_standard_1m_20230103_20260711_v2,rqdata_fg_standard_1m_20121203_20260711_v2,2012-12-03,2026-07-10,True,covers_target_canonical_current,
intraday_research_v1,fu,fu.MAIN,1m,would_change,56000,82767,rqdata_fu_standard_1m_20230103_20260711_v2,rqdata_fu_standard_1m_20040825_20260711_v2,2010-01-04,2026-07-10,True,covers_target_canonical_current,
intraday_research_v1,hc,hc.MAIN,1m,would_change,56001,82755,rqdata_hc_standard_1m_20230103_20260711_v2,rqdata_hc_standard_1m_20140321_20260711_v2,2014-03-21,2026-07-10,True,covers_target_canonical_current,
intraday_research_v1,i,i.MAIN,1m,would_change,56002,82794,rqdata_i_standard_1m_20230103_20260711_v2,rqdata_i_standard_1m_20131018_20260711_v2,2013-10-18,2026-07-10,True,covers_target_canonical_current,
intraday_research_v1,ic,ic.MAIN,1m,would_change,56003,82746,rqdata_ic_standard_1m_20230103_20260711_v2,rqdata_ic_standard_1m_20150416_20260711_v2,2015-04-16,2026-07-10,True,covers_target_canonical_current,
intraday_research_v1,if,if.MAIN,1m,would_change,56004,82780,rqdata_if_standard_1m_20230103_20260711_v2,rqdata_if_standard_1m_20100416_20260711_v2,2010-04-16,2026-07-10,True,covers_target_canonical_current,
intraday_research_v1,ih,ih.MAIN,1m,would_change,56005,82747,rqdata_ih_standard_1m_20230103_20260711_v2,rqdata_ih_standard_1m_20150416_20260711_v2,2015-04-16,2026-07-10,True,covers_target_canonical_current,
intraday_research_v1,im,im.MAIN,1m,would_change,56006,71548,rqdata_im_standard_1m_20230103_20260711_v2,rqdata_im_standard_1m_20220722_20260711_v2,2022-07-22,2026-07-10,True,covers_target_canonical_current,
intraday_research_v1,j,j.MAIN,1m,would_change,56007,82782,rqdata_j_standard_1m_20230103_20260711_v2,rqdata_j_standard_1m_20110415_20260711_v2,2011-04-15,2026-07-10,True,covers_target_canonical_current,
intraday_research_v1,jd,jd.MAIN,1m,would_change,56008,82760,rqdata_jd_standard_1m_20230103_20260711_v2,rqdata_jd_standard_1m_20131108_20260711_v2,2013-11-08,2026-07-10,True,covers_target_canonical_current,
intraday_research_v1,jm,jm.MAIN,1m,would_change,56009,82791,rqdata_jm_standard_1m_20230103_20260711_v2,rqdata_jm_standard_1m_20130322_20260711_v2,2013-03-22,2026-07-10,True,covers_target_canonical_current,
intraday_research_v1,jr,jr.MAIN,1m,would_change,56010,82759,rqdata_jr_standard_1m_20230103_20260711_v2,rqdata_jr_standard_1m_20131118_20260711_v2,2013-11-18,2026-07-10,True,covers_target_canonical_current,
intraday_research_v1,l,l.MAIN,1m,would_change,56011,82774,rqdata_l_standard_1m_20230103_20260711_v2,rqdata_l_standard_1m_20070731_20260711_v2,2010-01-04,2026-07-10,True,covers_target_canonical_current,
intraday_research_v1,l_f,l_f.MAIN,1m,would_change,56012,71660,rqdata_l_f_standard_1m_20230103_20260711_v2,rqdata_l_f_standard_1m_20230103_20260712_v2,2025-10-29,2026-07-10,True,covers_target_canonical_current,
intraday_research_v1,lc,lc.MAIN,1m,would_change,56013,71663,rqdata_lc_standard_1m_20230103_20260711_v2,rqdata_lc_standard_1m_20230103_20260712_v2,2023-07-21,2026-07-10,True,covers_target_canonical_current,
intraday_research_v1,lg,lg.MAIN,1m,would_change,56014,71666,rqdata_lg_standard_1m_20230103_20260711_v2,rqdata_lg_standard_1m_20230103_20260712_v2,2024-11-18,2026-07-10,True,covers_target_canonical_current,
intraday_research_v1,lh,lh.MAIN,1m,would_change,56015,71546,rqdata_lh_standard_1m_20230103_20260711_v2,rqdata_lh_standard_1m_20210108_20260711_v2,2021-01-08,2026-07-10,True,covers_target_canonical_current,
intraday_research_v1,lu,lu.MAIN,1m,would_change,56016,71525,rqdata_lu_standard_1m_20230103_20260711_v2,rqdata_lu_standard_1m_20200622_20260711_v2,2020-06-22,2026-07-10,True,covers_target_canonical_current,
intraday_research_v1,m,m.MAIN,1m,would_change,56017,82764,rqdata_m_standard_1m_20230103_20260711_v2,rqdata_m_standard_1m_20000717_20260711_v2,2010-01-04,2026-07-10,True,covers_target_canonical_current,
intraday_research_v1,ma,ma.MAIN,1m,would_change,56018,82754,rqdata_ma_standard_1m_20230103_20260711_v2,rqdata_ma_standard_1m_20140617_20260711_v2,2014-06-17,2026-07-10,True,covers_target_canonical_current,
intraday_research_v1,ni,ni.MAIN,1m,would_change,56019,82748,rqdata_ni_standard_1m_20230103_20260711_v2,rqdata_ni_standard_1m_20150327_20260711_v2,2015-03-27,2026-07-10,True,covers_target_canonical_current,
intraday_research_v1,nr,nr.MAIN,1m,would_change,56020,82736,rqdata_nr_standard_1m_20230103_20260711_v2,rqdata_nr_standard_1m_20190812_20260711_v2,2019-08-12,2026-07-10,True,covers_target_canonical_current,
intraday_research_v1,oi,oi.MAIN,1m,would_change,56021,82785,rqdata_oi_standard_1m_20230103_20260711_v2,rqdata_oi_standard_1m_20120716_20260711_v2,2012-07-16,2026-07-10,True,covers_target_canonical_current,
intraday_research_v1,op,op.MAIN,1m,would_change,56022,71669,rqdata_op_standard_1m_20230103_20260711_v2,rqdata_op_standard_1m_20230103_20260712_v2,2025-09-10,2026-07-10,True,covers_target_canonical_current,
intraday_research_v1,p,p.MAIN,1m,would_change,56023,82775,rqdata_p_standard_1m_20230103_20260711_v2,rqdata_p_standard_1m_20071029_20260711_v2,2010-01-04,2026-07-10,True,covers_target_canonical_current,
intraday_research_v1,pb,pb.MAIN,1m,would_change,56024,82781,rqdata_pb_standard_1m_20230103_20260711_v2,rqdata_pb_standard_1m_20110324_20260711_v2,2011-03-24,2026-07-10,True,covers_target_canonical_current,
intraday_research_v1,pd,pd.MAIN,1m,would_change,56025,71672,rqdata_pd_standard_1m_20230103_20260711_v2,rqdata_pd_standard_1m_20230103_20260712_v2,2025-11-27,2026-07-10,True,covers_target_canonical_current,
intraday_research_v1,pf,pf.MAIN,1m,would_change,56026,71529,rqdata_pf_standard_1m_20230103_20260711_v2,rqdata_pf_standard_1m_20201012_20260711_v2,2020-10-12,2026-07-10,True,covers_target_canonical_current,
intraday_research_v1,pg,pg.MAIN,1m,would_change,56027,71334,rqdata_pg_standard_1m_20230103_20260711_v2,rqdata_pg_standard_1m_20200330_20260711_v2,2020-03-30,2026-07-10,True,covers_target_canonical_current,
intraday_research_v1,pk,pk.MAIN,1m,would_change,56028,71547,rqdata_pk_standard_1m_20230103_20260711_v2,rqdata_pk_standard_1m_20210201_20260711_v2,2021-02-01,2026-07-10,True,covers_target_canonical_current,
intraday_research_v1,pl,pl.MAIN,1m,would_change,56029,71675,rqdata_pl_standard_1m_20230103_20260711_v2,rqdata_pl_standard_1m_20230103_20260712_v2,2025-07-22,2026-07-10,True,covers_target_canonical_current,
intraday_research_v1,pm,pm.MAIN,1m,would_change,56030,82783,rqdata_pm_standard_1m_20230103_20260711_v2,rqdata_pm_standard_1m_20120117_20260711_v2,2012-01-17,2026-07-10,True,covers_target_canonical_current,
intraday_research_v1,pp,pp.MAIN,1m,would_change,56031,82756,rqdata_pp_standard_1m_20230103_20260711_v2,rqdata_pp_standard_1m_20140228_20260711_v2,2014-02-28,2026-07-10,True,covers_target_canonical_current,
intraday_research_v1,pp_f,pp_f.MAIN,1m,would_change,56032,71678,rqdata_pp_f_standard_1m_20230103_20260711_v2,rqdata_pp_f_standard_1m_20230103_20260712_v2,2025-10-29,2026-07-10,True,covers_target_canonical_current,
intraday_research_v1,pr,pr.MAIN,1m,would_change,56033,71681,rqdata_pr_standard_1m_20230103_20260711_v2,rqdata_pr_standard_1m_20230103_20260712_v2,2024-08-30,2026-07-10,True,covers_target_canonical_current,
intraday_research_v1,ps,ps.MAIN,1m,would_change,56034,71684,rqdata_ps_standard_1m_20230103_20260711_v2,rqdata_ps_standard_1m_20230103_20260712_v2,2024-12-26,2026-07-10,True,covers_target_canonical_current,
intraday_research_v1,pt,pt.MAIN,1m,would_change,56035,71687,rqdata_pt_standard_1m_20230103_20260711_v2,rqdata_pt_standard_1m_20230103_20260712_v2,2025-11-27,2026-07-10,True,covers_target_canonical_current,
intraday_research_v1,px,px.MAIN,1m,would_change,56036,71690,rqdata_px_standard_1m_20230103_20260711_v2,rqdata_px_standard_1m_20230103_20260712_v2,2023-09-15,2026-07-10,True,covers_target_canonical_current,
intraday_research_v1,rb,rb.MAIN,1m,would_change,56037,82777,rqdata_rb_standard_1m_20230103_20260711_v2,rqdata_rb_standard_1m_20090327_20260711_v2,2010-01-04,2026-07-10,True,covers_target_canonical_current,
intraday_research_v1,ri,ri.MAIN,1m,would_change,56038,82786,rqdata_ri_standard_1m_20230103_20260711_v2,rqdata_ri_standard_1m_20120724_20260711_v2,2012-07-24,2026-07-10,True,covers_target_canonical_current,
intraday_research_v1,rm,rm.MAIN,1m,would_change,56039,82789,rqdata_rm_standard_1m_20230103_20260711_v2,rqdata_rm_standard_1m_20121228_20260711_v2,2012-12-28,2026-07-10,True,covers_target_canonical_current,
intraday_research_v1,rr,rr.MAIN,1m,would_change,56040,82735,rqdata_rr_standard_1m_20230103_20260711_v2,rqdata_rr_standard_1m_20190816_20260711_v2,2019-08-16,2026-07-10,True,covers_target_canonical_current,
intraday_research_v1,rs,rs.MAIN,1m,would_change,56041,82790,rqdata_rs_standard_1m_20230103_20260711_v2,rqdata_rs_standard_1m_20121228_20260711_v2,2012-12-28,2026-07-10,True,covers_target_canonical_current,
intraday_research_v1,ru,ru.MAIN,1m,would_change,56042,82763,rqdata_ru_standard_1m_20230103_20260711_v2,rqdata_ru_standard_1m_20000104_20260711_v2,2010-01-04,2026-07-10,True,covers_target_canonical_current,
intraday_research_v1,sa,sa.MAIN,1m,would_change,56043,82732,rqdata_sa_standard_1m_20230103_20260711_v2,rqdata_sa_standard_1m_20191206_20260711_v2,2019-12-06,2026-07-10,True,covers_target_canonical_current,
intraday_research_v1,sc,sc.MAIN,1m,would_change,56044,82742,rqdata_sc_standard_1m_20230103_20260711_v2,rqdata_sc_standard_1m_20180326_20260711_v2,2018-03-26,2026-07-10,True,covers_target_canonical_current,
intraday_research_v1,sf,sf.MAIN,1m,would_change,56045,82752,rqdata_sf_standard_1m_20230103_20260711_v2,rqdata_sf_standard_1m_20140808_20260711_v2,2014-08-08,2026-07-10,True,covers_target_canonical_current,
intraday_research_v1,sh,sh.MAIN,1m,would_change,56046,71693,rqdata_sh_standard_1m_20230103_20260711_v2,rqdata_sh_standard_1m_20230103_20260712_v2,2023-09-15,2026-07-10,True,covers_target_canonical_current,
intraday_research_v1,si,si.MAIN,1m,would_change,56047,71336,rqdata_si_standard_1m_20230103_20260711_v2,rqdata_si_standard_1m_20221222_20260711_v2,2022-12-22,2026-07-10,True,covers_target_canonical_current,
intraday_research_v1,sm,sm.MAIN,1m,would_change,56048,82753,rqdata_sm_standard_1m_20230103_20260711_v2,rqdata_sm_standard_1m_20140808_20260711_v2,2014-08-08,2026-07-10,True,covers_target_canonical_current,
intraday_research_v1,sn,sn.MAIN,1m,would_change,56049,82749,rqdata_sn_standard_1m_20230103_20260711_v2,rqdata_sn_standard_1m_20150327_20260711_v2,2015-03-27,2026-07-10,True,covers_target_canonical_current,
intraday_research_v1,sp,sp.MAIN,1m,would_change,56050,82740,rqdata_sp_standard_1m_20230103_20260711_v2,rqdata_sp_standard_1m_20181127_20260711_v2,2018-11-27,2026-07-10,True,covers_target_canonical_current,
intraday_research_v1,sr,sr.MAIN,1m,would_change,56051,82770,rqdata_sr_standard_1m_20230103_20260711_v2,rqdata_sr_standard_1m_20060106_20260711_v2,2010-01-04,2026-07-10,True,covers_target_canonical_current,
intraday_research_v1,ss,ss.MAIN,1m,would_change,56052,82734,rqdata_ss_standard_1m_20230103_20260711_v2,rqdata_ss_standard_1m_20190925_20260711_v2,2019-09-25,2026-07-10,True,covers_target_canonical_current,
intraday_research_v1,t,t.MAIN,1m,would_change,56053,82750,rqdata_t_standard_1m_20230103_20260711_v2,rqdata_t_standard_1m_20150320_20260711_v2,2015-03-20,2026-07-10,True,covers_target_canonical_current,
intraday_research_v1,ta,ta.MAIN,1m,would_change,56054,82772,rqdata_ta_standard_1m_20230103_20260711_v2,rqdata_ta_standard_1m_20061218_20260711_v2,2010-01-04,2026-07-10,True,covers_target_canonical_current,
intraday_research_v1,tl,tl.MAIN,1m,would_change,56056,71696,rqdata_tl_standard_1m_20230103_20260711_v2,rqdata_tl_standard_1m_20230103_20260712_v2,2023-04-21,2026-07-10,True,covers_target_canonical_current,
intraday_research_v1,ts,ts.MAIN,1m,would_change,56057,82741,rqdata_ts_standard_1m_20230103_20260711_v2,rqdata_ts_standard_1m_20180817_20260711_v2,2018-08-17,2026-07-10,True,covers_target_canonical_current,
intraday_research_v1,ur,ur.MAIN,1m,would_change,56058,82737,rqdata_ur_standard_1m_20230103_20260711_v2,rqdata_ur_standard_1m_20190809_20260711_v2,2019-08-09,2026-07-10,True,covers_target_canonical_current,
intraday_research_v1,v,v.MAIN,1m,would_change,56059,82779,rqdata_v_standard_1m_20230103_20260711_v2,rqdata_v_standard_1m_20090525_20260711_v2,2010-01-04,2026-07-10,True,covers_target_canonical_current,
intraday_research_v1,v_f,v_f.MAIN,1m,would_change,56060,71699,rqdata_v_f_standard_1m_20230103_20260711_v2,rqdata_v_f_standard_1m_20230103_20260712_v2,2025-10-29,2026-07-10,True,covers_target_canonical_current,
intraday_research_v1,wh,wh.MAIN,1m,would_change,56061,82787,rqdata_wh_standard_1m_20230103_20260711_v2,rqdata_wh_standard_1m_20120724_20260711_v2,2012-07-24,2026-07-10,True,covers_target_canonical_current,
intraday_research_v1,wr,wr.MAIN,1m,would_change,56062,82778,rqdata_wr_standard_1m_20230103_20260711_v2,rqdata_wr_standard_1m_20090327_20260711_v2,2010-01-04,2026-07-10,True,covers_target_canonical_current,
intraday_research_v1,y,y.MAIN,1m,would_change,56063,82771,rqdata_y_standard_1m_20230103_20260711_v2,rqdata_y_standard_1m_20060109_20260711_v2,2010-01-04,2026-07-10,True,covers_target_canonical_current,
intraday_research_v1,zc,zc.MAIN,1m,would_change,56064,82745,rqdata_zc_standard_1m_20230103_20260711_v2,rqdata_zc_standard_1m_20150518_20260711_v2,2015-05-18,2026-07-10,True,covers_target_canonical_current,
intraday_research_v1,zn,zn.MAIN,1m,would_change,56065,82773,rqdata_zn_standard_1m_20230103_20260711_v2,rqdata_zn_standard_1m_20070326_20260711_v2,2010-01-04,2026-07-10,True,covers_target_canonical_current,
long_horizon_daily_v1,a,a.MAIN,1d,would_change,56426,82673,rqdata_a_standard_1d_20200102_20260711_v2,rqdata_a_standard_1d_20020315_20260711_v2,2002-03-15,2026-07-10,True,covers_target_canonical_current,
long_horizon_daily_v1,a,a.MAIN,1w,would_change,56427,79765,rqdata_a_standard_1w_20200102_20260711_v2,rqdata_a_standard_1w_20020315_20260711_v2,2002-03-15,2026-07-10,True,covers_target_canonical_current,
long_horizon_daily_v1,ad,ad.MAIN,1d,would_change,40893,71646,rqdata_ad_standard_1d_20230103_20260707_v2,rqdata_ad_standard_1d_20230103_20260712_v2,2025-06-10,2026-07-10,True,covers_target_canonical_current,
long_horizon_daily_v1,ad,ad.MAIN,1w,would_change,55799,71647,rqdata_ad_standard_1w_20230103_20260711_v2,rqdata_ad_standard_1w_20230103_20260712_v2,2025-06-13,2026-07-10,True,covers_target_canonical_current,
long_horizon_daily_v1,ag,ag.MAIN,1d,would_change,56428,82692,rqdata_ag_standard_1d_20200102_20260711_v2,rqdata_ag_standard_1d_20120510_20260711_v2,2012-05-10,2026-07-10,True,covers_target_canonical_current,
long_horizon_daily_v1,ag,ag.MAIN,1w,would_change,56429,79766,rqdata_ag_standard_1w_20200102_20260711_v2,rqdata_ag_standard_1w_20120510_20260711_v2,2012-05-11,2026-07-10,True,covers_target_canonical_current,
long_horizon_daily_v1,al,al.MAIN,1d,would_change,56430,82669,rqdata_al_standard_1d_20200102_20260711_v2,rqdata_al_standard_1d_20000104_20260711_v2,2000-01-05,2026-07-10,True,covers_target_canonical_current,
long_horizon_daily_v1,al,al.MAIN,1w,would_change,56431,82666,rqdata_al_standard_1w_20200102_20260711_v2,rqdata_al_standard_1w_20000104_20260711_v2,2000-01-07,2026-07-10,True,covers_target_canonical_current,
long_horizon_daily_v1,ao,ao.MAIN,1d,would_change,40911,71649,rqdata_ao_standard_1d_20230103_20260707_v2,rqdata_ao_standard_1d_20230103_20260712_v2,2023-06-19,2026-07-10,True,covers_target_canonical_current,
long_horizon_daily_v1,ao,ao.MAIN,1w,would_change,44118,71650,rqdata_ao_standard_1w_20230103_20260707_v2,rqdata_ao_standard_1w_20230103_20260712_v2,2023-06-21,2026-07-10,True,covers_target_canonical_current,
long_horizon_daily_v1,ap,ap.MAIN,1d,would_change,56432,82720,rqdata_ap_standard_1d_20200102_20260711_v2,rqdata_ap_standard_1d_20171222_20260711_v2,2017-12-22,2026-07-10,True,covers_target_canonical_current,
long_horizon_daily_v1,ap,ap.MAIN,1w,would_change,56433,79768,rqdata_ap_standard_1w_20200102_20260711_v2,rqdata_ap_standard_1w_20171222_20260711_v2,2017-12-22,2026-07-10,True,covers_target_canonical_current,
long_horizon_daily_v1,au,au.MAIN,1d,would_change,56434,82683,rqdata_au_standard_1d_20200102_20260711_v2,rqdata_au_standard_1d_20080109_20260711_v2,2008-01-09,2026-07-10,True,covers_target_canonical_current,
long_horizon_daily_v1,au,au.MAIN,1w,would_change,56435,79769,rqdata_au_standard_1w_20200102_20260711_v2,rqdata_au_standard_1w_20080109_20260711_v2,2008-01-11,2026-07-10,True,covers_target_canonical_current,
long_horizon_daily_v1,b,b.MAIN,1w,would_change,56437,79770,rqdata_b_standard_1w_20200102_20260711_v2,rqdata_b_standard_1w_20041222_20260711_v2,2004-12-24,2026-07-10,True,covers_target_canonical_current,
long_horizon_daily_v1,bc,bc.MAIN,1d,unchanged,56440,56440,rqdata_bc_standard_1d_20201119_20260711_v2,rqdata_bc_standard_1d_20201119_20260711_v2,2020-11-19,2026-07-10,True,covers_target_canonical_current,
long_horizon_daily_v1,bc,bc.MAIN,1w,unchanged,56441,56441,rqdata_bc_standard_1w_20201119_20260711_v2,rqdata_bc_standard_1w_20201119_20260711_v2,2020-11-20,2026-07-10,True,covers_target_canonical_current,
long_horizon_daily_v1,br,br.MAIN,1d,would_change,40946,71652,rqdata_br_standard_1d_20230103_20260707_v2,rqdata_br_standard_1d_20230103_20260712_v2,2023-07-28,2026-07-10,True,covers_target_canonical_current,
long_horizon_daily_v1,br,br.MAIN,1w,would_change,55674,71653,rqdata_br_standard_1w_20230103_20260710_v2,rqdata_br_standard_1w_20230103_20260712_v2,2023-07-28,2026-07-10,True,covers_target_canonical_current,
long_horizon_daily_v1,bu,bu.MAIN,1d,would_change,56442,82701,rqdata_bu_standard_1d_20200102_20260711_v2,rqdata_bu_standard_1d_20131009_20260711_v2,2013-10-09,2026-07-10,True,covers_target_canonical_current,
long_horizon_daily_v1,bu,bu.MAIN,1w,would_change,56443,79772,rqdata_bu_standard_1w_20200102_20260711_v2,rqdata_bu_standard_1w_20131009_20260711_v2,2013-10-11,2026-07-10,True,covers_target_canonical_current,
long_horizon_daily_v1,bz,bz.MAIN,1d,would_change,40958,71655,rqdata_bz_standard_1d_20230103_20260707_v2,rqdata_bz_standard_1d_20230103_20260712_v2,2025-07-08,2026-07-10,True,covers_target_canonical_current,
long_horizon_daily_v1,bz,bz.MAIN,1w,would_change,55676,71656,rqdata_bz_standard_1w_20230103_20260710_v2,rqdata_bz_standard_1w_20230103_20260712_v2,2025-07-11,2026-07-10,True,covers_target_canonical_current,
long_horizon_daily_v1,c,c.MAIN,1d,would_change,56444,82676,rqdata_c_standard_1d_20200102_20260711_v2,rqdata_c_standard_1d_20040922_20260711_v2,2004-09-22,2026-07-10,True,covers_target_canonical_current,
long_horizon_daily_v1,c,c.MAIN,1w,would_change,56445,79773,rqdata_c_standard_1w_20200102_20260711_v2,rqdata_c_standard_1w_20040922_20260711_v2,2004-09-24,2026-07-10,True,covers_target_canonical_current,
long_horizon_daily_v1,cf,cf.MAIN,1d,would_change,56446,82674,rqdata_cf_standard_1d_20200102_20260711_v2,rqdata_cf_standard_1d_20040601_20260711_v2,2004-06-01,2026-07-10,True,covers_target_canonical_current,
long_horizon_daily_v1,cf,cf.MAIN,1w,would_change,56447,79774,rqdata_cf_standard_1w_20200102_20260711_v2,rqdata_cf_standard_1w_20040601_20260711_v2,2004-06-04,2026-07-10,True,covers_target_canonical_current,
long_horizon_daily_v1,cj,cj.MAIN,1d,would_change,56448,82725,rqdata_cj_standard_1d_20200102_20260711_v2,rqdata_cj_standard_1d_20190430_20260711_v2,2019-04-30,2026-07-10,True,covers_target_canonical_current,
long_horizon_daily_v1,cj,cj.MAIN,1w,would_change,56449,79775,rqdata_cj_standard_1w_20200102_20260711_v2,rqdata_cj_standard_1w_20190430_20260711_v2,2019-04-30,2026-07-10,True,covers_target_canonical_current,
long_horizon_daily_v1,cs,cs.MAIN,1d,would_change,56450,82712,rqdata_cs_standard_1d_20200102_20260711_v2,rqdata_cs_standard_1d_20141219_20260711_v2,2014-12-19,2026-07-10,True,covers_target_canonical_current,
long_horizon_daily_v1,cs,cs.MAIN,1w,would_change,56451,79776,rqdata_cs_standard_1w_20200102_20260711_v2,rqdata_cs_standard_1w_20141219_20260711_v2,2014-12-19,2026-07-10,True,covers_target_canonical_current,
long_horizon_daily_v1,cu,cu.MAIN,1d,would_change,56452,82670,rqdata_cu_standard_1d_20200102_20260711_v2,rqdata_cu_standard_1d_20000104_20260711_v2,2000-01-05,2026-07-10,True,covers_target_canonical_current,
long_horizon_daily_v1,cu,cu.MAIN,1w,would_change,56453,82667,rqdata_cu_standard_1w_20200102_20260711_v2,rqdata_cu_standard_1w_20000104_20260711_v2,2000-01-07,2026-07-10,True,covers_target_canonical_current,
long_horizon_daily_v1,cy,cy.MAIN,1d,would_change,56454,82719,rqdata_cy_standard_1d_20200102_20260711_v2,rqdata_cy_standard_1d_20170818_20260711_v2,2017-08-18,2026-07-10,True,covers_target_canonical_current,
long_horizon_daily_v1,cy,cy.MAIN,1w,would_change,56455,79778,rqdata_cy_standard_1w_20200102_20260711_v2,rqdata_cy_standard_1w_20170818_20260711_v2,2017-08-18,2026-07-10,True,covers_target_canonical_current,
long_horizon_daily_v1,eb,eb.MAIN,1d,would_change,56456,82730,rqdata_eb_standard_1d_20200102_20260711_v2,rqdata_eb_standard_1d_20190926_20260711_v2,2019-09-26,2026-07-10,True,covers_target_canonical_current,
long_horizon_daily_v1,eb,eb.MAIN,1w,would_change,56457,79779,rqdata_eb_standard_1w_20200102_20260711_v2,rqdata_eb_standard_1w_20190926_20260711_v2,2019-09-27,2026-07-10,True,covers_target_canonical_current,
long_horizon_daily_v1,ec,ec.MAIN,1d,would_change,41006,71658,rqdata_ec_standard_1d_20230103_20260707_v2,rqdata_ec_standard_1d_20230103_20260712_v2,2023-08-18,2026-07-10,True,covers_target_canonical_current,
long_horizon_daily_v1,ec,ec.MAIN,1w,would_change,55837,71659,rqdata_ec_standard_1w_20230103_20260711_v2,rqdata_ec_standard_1w_20230103_20260712_v2,2023-08-18,2026-07-10,True,covers_target_canonical_current,
long_horizon_daily_v1,eg,eg.MAIN,1d,would_change,56458,82724,rqdata_eg_standard_1d_20200102_20260711_v2,rqdata_eg_standard_1d_20181210_20260711_v2,2018-12-10,2026-07-10,True,covers_target_canonical_current,
long_horizon_daily_v1,eg,eg.MAIN,1w,would_change,56459,79780,rqdata_eg_standard_1w_20200102_20260711_v2,rqdata_eg_standard_1w_20181210_20260711_v2,2018-12-14,2026-07-10,True,covers_target_canonical_current,
long_horizon_daily_v1,fb,fb.MAIN,1w,would_change,56461,79781,rqdata_fb_standard_1w_20200102_20260711_v2,rqdata_fb_standard_1w_20131206_20260711_v2,2013-12-06,2026-07-10,True,covers_target_canonical_current,
long_horizon_daily_v1,fg,fg.MAIN,1d,would_change,56462,82696,rqdata_fg_standard_1d_20200102_20260711_v2,rqdata_fg_standard_1d_20121203_20260711_v2,2012-12-03,2026-07-10,True,covers_target_canonical_current,
long_horizon_daily_v1,fg,fg.MAIN,1w,would_change,56463,79782,rqdata_fg_standard_1w_20200102_20260711_v2,rqdata_fg_standard_1w_20121203_20260711_v2,2012-12-07,2026-07-10,True,covers_target_canonical_current,
long_horizon_daily_v1,fu,fu.MAIN,1d,would_change,56464,82675,rqdata_fu_standard_1d_20200102_20260711_v2,rqdata_fu_standard_1d_20040825_20260711_v2,2004-08-25,2026-07-10,True,covers_target_canonical_current,
long_horizon_daily_v1,fu,fu.MAIN,1w,would_change,56465,79783,rqdata_fu_standard_1w_20200102_20260711_v2,rqdata_fu_standard_1w_20040825_20260711_v2,2004-08-27,2026-07-10,True,covers_target_canonical_current,
long_horizon_daily_v1,hc,hc.MAIN,1d,would_change,56466,82708,rqdata_hc_standard_1d_20200102_20260711_v2,rqdata_hc_standard_1d_20140321_20260711_v2,2014-03-21,2026-07-10,True,covers_target_canonical_current,
long_horizon_daily_v1,hc,hc.MAIN,1w,would_change,56467,79784,rqdata_hc_standard_1w_20200102_20260711_v2,rqdata_hc_standard_1w_20140321_20260711_v2,2014-03-21,2026-07-10,True,covers_target_canonical_current,
long_horizon_daily_v1,i,i.MAIN,1d,would_change,56468,82702,rqdata_i_standard_1d_20200102_20260711_v2,rqdata_i_standard_1d_20131018_20260711_v2,2013-10-18,2026-07-10,True,covers_target_canonical_current,
long_horizon_daily_v1,i,i.MAIN,1w,would_change,56469,79785,rqdata_i_standard_1w_20200102_20260711_v2,rqdata_i_standard_1w_20131018_20260711_v2,2013-10-18,2026-07-10,True,covers_target_canonical_current,
long_horizon_daily_v1,ic,ic.MAIN,1d,would_change,56470,82716,rqdata_ic_standard_1d_20200102_20260711_v2,rqdata_ic_standard_1d_20150416_20260711_v2,2015-04-16,2026-07-10,True,covers_target_canonical_current,
long_horizon_daily_v1,ic,ic.MAIN,1w,would_change,56471,79786,rqdata_ic_standard_1w_20200102_20260711_v2,rqdata_ic_standard_1w_20150416_20260711_v2,2015-04-17,2026-07-10,True,covers_target_canonical_current,
long_horizon_daily_v1,if,if.MAIN,1d,would_change,56472,82687,rqdata_if_standard_1d_20200102_20260711_v2,rqdata_if_standard_1d_20100416_20260711_v2,2010-04-16,2026-07-10,True,covers_target_canonical_current,
long_horizon_daily_v1,if,if.MAIN,1w,would_change,56473,79787,rqdata_if_standard_1w_20200102_20260711_v2,rqdata_if_standard_1w_20100416_20260711_v2,2010-04-16,2026-07-10,True,covers_target_canonical_current,
long_horizon_daily_v1,ih,ih.MAIN,1d,would_change,56474,82717,rqdata_ih_standard_1d_20200102_20260711_v2,rqdata_ih_standard_1d_20150416_20260711_v2,2015-04-16,2026-07-10,True,covers_target_canonical_current,
long_horizon_daily_v1,ih,ih.MAIN,1w,would_change,56475,79788,rqdata_ih_standard_1w_20200102_20260711_v2,rqdata_ih_standard_1w_20150416_20260711_v2,2015-04-17,2026-07-10,True,covers_target_canonical_current,
long_horizon_daily_v1,im,im.MAIN,1d,unchanged,56476,56476,rqdata_im_standard_1d_20220722_20260711_v2,rqdata_im_standard_1d_20220722_20260711_v2,2022-07-22,2026-07-10,True,covers_target_canonical_current,
long_horizon_daily_v1,im,im.MAIN,1w,unchanged,56477,56477,rqdata_im_standard_1w_20220722_20260711_v2,rqdata_im_standard_1w_20220722_20260711_v2,2022-07-22,2026-07-10,True,covers_target_canonical_current,
long_horizon_daily_v1,j,j.MAIN,1d,would_change,56478,82690,rqdata_j_standard_1d_20200102_20260711_v2,rqdata_j_standard_1d_20110415_20260711_v2,2011-04-15,2026-07-10,True,covers_target_canonical_current,
long_horizon_daily_v1,j,j.MAIN,1w,would_change,56479,79789,rqdata_j_standard_1w_20200102_20260711_v2,rqdata_j_standard_1w_20110415_20260711_v2,2011-04-15,2026-07-10,True,covers_target_canonical_current,
long_horizon_daily_v1,jd,jd.MAIN,1d,would_change,56480,82703,rqdata_jd_standard_1d_20200102_20260711_v2,rqdata_jd_standard_1d_20131108_20260711_v2,2013-11-08,2026-07-10,True,covers_target_canonical_current,
long_horizon_daily_v1,jd,jd.MAIN,1w,would_change,56481,79790,rqdata_jd_standard_1w_20200102_20260711_v2,rqdata_jd_standard_1w_20131108_20260711_v2,2013-11-08,2026-07-10,True,covers_target_canonical_current,
long_horizon_daily_v1,jm,JM2305,1d,would_change,42428,86646,rq_acb_jm_JM2305_1d_20230103_20230412_v1,rq_acb_jm_JM2305_1d_20221206_20230412_v1,2023-01-03,2023-04-12,True,covers_target_canonical_current,
long_horizon_daily_v1,jm,JM2309,1d,unchanged,42430,42430,rq_acb_jm_JM2309_1d_20230413_20230810_v1,rq_acb_jm_JM2309_1d_20230413_20230810_v1,2023-04-13,2023-08-10,True,covers_target_canonical_current,
long_horizon_daily_v1,jm,JM2401,1d,unchanged,42432,42432,rq_acb_jm_JM2401_1d_20230811_20231206_v1,rq_acb_jm_JM2401_1d_20230811_20231206_v1,2023-08-11,2023-12-06,True,covers_target_canonical_current,
long_horizon_daily_v1,jm,JM2405,1d,unchanged,42434,42434,rq_acb_jm_JM2405_1d_20231207_20240409_v1,rq_acb_jm_JM2405_1d_20231207_20240409_v1,2023-12-07,2024-04-09,True,covers_target_canonical_current,
long_horizon_daily_v1,jm,JM2409,1d,unchanged,42436,42436,rq_acb_jm_JM2409_1d_20240410_20240815_v1,rq_acb_jm_JM2409_1d_20240410_20240815_v1,2024-04-10,2024-08-15,True,covers_target_canonical_current,
long_horizon_daily_v1,jm,JM2501,1d,unchanged,42438,42438,rq_acb_jm_JM2501_1d_20240816_20241217_v1,rq_acb_jm_JM2501_1d_20240816_20241217_v1,2024-08-16,2024-12-17,True,covers_target_canonical_current,
long_horizon_daily_v1,jm,JM2505,1d,unchanged,42440,42440,rq_acb_jm_JM2505_1d_20241218_20250414_v1,rq_acb_jm_JM2505_1d_20241218_20250414_v1,2024-12-18,2025-04-14,True,covers_target_canonical_current,
long_horizon_daily_v1,jm,JM2509,1d,unchanged,42442,42442,rq_acb_jm_JM2509_1d_20250415_20250730_v1,rq_acb_jm_JM2509_1d_20250415_20250730_v1,2025-04-15,2025-07-30,True,covers_target_canonical_current,
long_horizon_daily_v1,jm,JM2601,1d,unchanged,42444,42444,rq_acb_jm_JM2601_1d_20250731_20251204_v1,rq_acb_jm_JM2601_1d_20250731_20251204_v1,2025-07-31,2025-12-04,True,covers_target_canonical_current,
long_horizon_daily_v1,jm,JM2605,1d,would_change,,86666,,rq_acb_jm_JM2605_1d_20251205_20260415_v1,2025-12-05,2026-04-15,True,covers_target_canonical_current,
long_horizon_daily_v1,jm,jm.MAIN,1d,would_change,56482,82699,rqdata_jm_standard_1d_20200102_20260711_v2,rqdata_jm_standard_1d_20130322_20260711_v2,2013-03-22,2026-07-10,True,covers_target_canonical_current,
long_horizon_daily_v1,jm,jm.MAIN,1w,would_change,56483,79791,rqdata_jm_standard_1w_20200102_20260711_v2,rqdata_jm_standard_1w_20130322_20260711_v2,2013-03-22,2026-07-10,True,covers_target_canonical_current,
long_horizon_daily_v1,l,l.MAIN,1d,would_change,56486,82681,rqdata_l_standard_1d_20200102_20260711_v2,rqdata_l_standard_1d_20070731_20260711_v2,2007-07-31,2026-07-10,True,covers_target_canonical_current,
long_horizon_daily_v1,l,l.MAIN,1w,would_change,56487,79793,rqdata_l_standard_1w_20200102_20260711_v2,rqdata_l_standard_1w_20070731_20260711_v2,2007-08-03,2026-07-10,True,covers_target_canonical_current,
long_horizon_daily_v1,l_f,l_f.MAIN,1d,would_change,41096,71661,rqdata_l_f_standard_1d_20230103_20260707_v2,rqdata_l_f_standard_1d_20230103_20260712_v2,2025-10-29,2026-07-10,True,covers_target_canonical_current,
long_horizon_daily_v1,l_f,l_f.MAIN,1w,would_change,55700,71662,rqdata_l_f_standard_1w_20230103_20260710_v2,rqdata_l_f_standard_1w_20230103_20260712_v2,2025-10-31,2026-07-10,True,covers_target_canonical_current,
long_horizon_daily_v1,lc,lc.MAIN,1d,would_change,41102,71664,rqdata_lc_standard_1d_20230103_20260707_v2,rqdata_lc_standard_1d_20230103_20260712_v2,2023-07-21,2026-07-10,True,covers_target_canonical_current,
long_horizon_daily_v1,lc,lc.MAIN,1w,would_change,55701,71665,rqdata_lc_standard_1w_20230103_20260710_v2,rqdata_lc_standard_1w_20230103_20260712_v2,2023-07-21,2026-07-10,True,covers_target_canonical_current,
long_horizon_daily_v1,lg,lg.MAIN,1d,would_change,41108,71667,rqdata_lg_standard_1d_20230103_20260707_v2,rqdata_lg_standard_1d_20230103_20260712_v2,2024-11-18,2026-07-10,True,covers_target_canonical_current,
long_horizon_daily_v1,lg,lg.MAIN,1w,would_change,44151,71668,rqdata_lg_standard_1w_20230103_20260707_v2,rqdata_lg_standard_1w_20230103_20260712_v2,2024-11-22,2026-07-10,True,covers_target_canonical_current,
long_horizon_daily_v1,lh,lh.MAIN,1d,unchanged,56488,56488,rqdata_lh_standard_1d_20210108_20260711_v2,rqdata_lh_standard_1d_20210108_20260711_v2,2021-01-08,2026-07-10,True,covers_target_canonical_current,
long_horizon_daily_v1,lh,lh.MAIN,1w,unchanged,56489,56489,rqdata_lh_standard_1w_20210108_20260711_v2,rqdata_lh_standard_1w_20210108_20260711_v2,2021-01-08,2026-07-10,True,covers_target_canonical_current,
long_horizon_daily_v1,lu,lu.MAIN,1d,unchanged,56490,56490,rqdata_lu_standard_1d_20200622_20260711_v2,rqdata_lu_standard_1d_20200622_20260711_v2,2020-06-22,2026-07-10,True,covers_target_canonical_current,
long_horizon_daily_v1,lu,lu.MAIN,1w,unchanged,56491,56491,rqdata_lu_standard_1w_20200622_20260711_v2,rqdata_lu_standard_1w_20200622_20260711_v2,2020-06-24,2026-07-10,True,covers_target_canonical_current,
long_horizon_daily_v1,m,m.MAIN,1d,would_change,56492,82672,rqdata_m_standard_1d_20200102_20260711_v2,rqdata_m_standard_1d_20000717_20260711_v2,2000-07-17,2026-07-10,True,covers_target_canonical_current,
long_horizon_daily_v1,m,m.MAIN,1w,would_change,56493,79794,rqdata_m_standard_1w_20200102_20260711_v2,rqdata_m_standard_1w_20000717_20260711_v2,2000-07-21,2026-07-10,True,covers_target_canonical_current,
long_horizon_daily_v1,ma,ma.MAIN,1d,would_change,56494,82709,rqdata_ma_standard_1d_20200102_20260711_v2,rqdata_ma_standard_1d_20140617_20260711_v2,2014-06-17,2026-07-10,True,covers_target_canonical_current,
long_horizon_daily_v1,ma,ma.MAIN,1w,would_change,56495,79795,rqdata_ma_standard_1w_20200102_20260711_v2,rqdata_ma_standard_1w_20140617_20260711_v2,2014-06-20,2026-07-10,True,covers_target_canonical_current,
long_horizon_daily_v1,ni,ni.MAIN,1d,would_change,56496,82714,rqdata_ni_standard_1d_20200102_20260711_v2,rqdata_ni_standard_1d_20150327_20260711_v2,2015-03-27,2026-07-10,True,covers_target_canonical_current,
long_horizon_daily_v1,ni,ni.MAIN,1w,would_change,56497,79796,rqdata_ni_standard_1w_20200102_20260711_v2,rqdata_ni_standard_1w_20150327_20260711_v2,2015-03-27,2026-07-10,True,covers_target_canonical_current,
long_horizon_daily_v1,nr,nr.MAIN,1d,would_change,56498,82727,rqdata_nr_standard_1d_20200102_20260711_v2,rqdata_nr_standard_1d_20190812_20260711_v2,2019-08-12,2026-07-10,True,covers_target_canonical_current,
long_horizon_daily_v1,nr,nr.MAIN,1w,would_change,56499,79797,rqdata_nr_standard_1w_20200102_20260711_v2,rqdata_nr_standard_1w_20190812_20260711_v2,2019-08-16,2026-07-10,True,covers_target_canonical_current,
long_horizon_daily_v1,oi,oi.MAIN,1d,would_change,56500,82693,rqdata_oi_standard_1d_20200102_20260711_v2,rqdata_oi_standard_1d_20120716_20260711_v2,2012-07-16,2026-07-10,True,covers_target_canonical_current,
long_horizon_daily_v1,oi,oi.MAIN,1w,would_change,56501,79798,rqdata_oi_standard_1w_20200102_20260711_v2,rqdata_oi_standard_1w_20120716_20260711_v2,2012-07-20,2026-07-10,True,covers_target_canonical_current,
long_horizon_daily_v1,op,op.MAIN,1d,would_change,41156,71670,rqdata_op_standard_1d_20230103_20260707_v2,rqdata_op_standard_1d_20230103_20260712_v2,2025-09-10,2026-07-10,True,covers_target_canonical_current,
long_horizon_daily_v1,op,op.MAIN,1w,would_change,55889,71671,rqdata_op_standard_1w_20230103_20260711_v2,rqdata_op_standard_1w_20230103_20260712_v2,2025-09-12,2026-07-10,True,covers_target_canonical_current,
long_horizon_daily_v1,p,p.MAIN,1d,would_change,56502,82682,rqdata_p_standard_1d_20200102_20260711_v2,rqdata_p_standard_1d_20071029_20260711_v2,2007-10-29,2026-07-10,True,covers_target_canonical_current,
long_horizon_daily_v1,p,p.MAIN,1w,would_change,56503,79799,rqdata_p_standard_1w_20200102_20260711_v2,rqdata_p_standard_1w_20071029_20260711_v2,2007-11-02,2026-07-10,True,covers_target_canonical_current,
long_horizon_daily_v1,pb,pb.MAIN,1d,would_change,56504,82688,rqdata_pb_standard_1d_20200102_20260711_v2,rqdata_pb_standard_1d_20110324_20260711_v2,2011-03-24,2026-07-10,True,covers_target_canonical_current,
long_horizon_daily_v1,pb,pb.MAIN,1w,would_change,56505,79800,rqdata_pb_standard_1w_20200102_20260711_v2,rqdata_pb_standard_1w_20110324_20260711_v2,2011-03-25,2026-07-10,True,covers_target_canonical_current,
long_horizon_daily_v1,pd,pd.MAIN,1d,would_change,41174,71673,rqdata_pd_standard_1d_20230103_20260707_v2,rqdata_pd_standard_1d_20230103_20260712_v2,2025-11-27,2026-07-10,True,covers_target_canonical_current,
long_horizon_daily_v1,pd,pd.MAIN,1w,would_change,55713,71674,rqdata_pd_standard_1w_20230103_20260710_v2,rqdata_pd_standard_1w_20230103_20260712_v2,2025-11-28,2026-07-10,True,covers_target_canonical_current,
long_horizon_daily_v1,pf,pf.MAIN,1d,unchanged,56506,56506,rqdata_pf_standard_1d_20201012_20260711_v2,rqdata_pf_standard_1d_20201012_20260711_v2,2020-10-12,2026-07-10,True,covers_target_canonical_current,
long_horizon_daily_v1,pf,pf.MAIN,1w,unchanged,56507,56507,rqdata_pf_standard_1w_20201012_20260711_v2,rqdata_pf_standard_1w_20201012_20260711_v2,2020-10-16,2026-07-10,True,covers_target_canonical_current,
long_horizon_daily_v1,pg,pg.MAIN,1d,unchanged,56508,56508,rqdata_pg_standard_1d_20200330_20260711_v2,rqdata_pg_standard_1d_20200330_20260711_v2,2020-03-30,2026-07-10,True,covers_target_canonical_current,
long_horizon_daily_v1,pg,pg.MAIN,1w,unchanged,56509,56509,rqdata_pg_standard_1w_20200330_20260711_v2,rqdata_pg_standard_1w_20200330_20260711_v2,2020-04-03,2026-07-10,True,covers_target_canonical_current,
long_horizon_daily_v1,pk,pk.MAIN,1d,unchanged,56510,56510,rqdata_pk_standard_1d_20210201_20260711_v2,rqdata_pk_standard_1d_20210201_20260711_v2,2021-02-01,2026-07-10,True,covers_target_canonical_current,
long_horizon_daily_v1,pk,pk.MAIN,1w,unchanged,56511,56511,rqdata_pk_standard_1w_20210201_20260711_v2,rqdata_pk_standard_1w_20210201_20260711_v2,2021-02-05,2026-07-10,True,covers_target_canonical_current,
long_horizon_daily_v1,pl,pl.MAIN,1d,would_change,41179,71676,rqdata_pl_standard_1d_20230103_20260707_v2,rqdata_pl_standard_1d_20230103_20260712_v2,2025-07-22,2026-07-10,True,covers_target_canonical_current,
long_horizon_daily_v1,pl,pl.MAIN,1w,would_change,55717,71677,rqdata_pl_standard_1w_20230103_20260710_v2,rqdata_pl_standard_1w_20230103_20260712_v2,2025-07-25,2026-07-10,True,covers_target_canonical_current,
long_horizon_daily_v1,pp,pp.MAIN,1d,would_change,56514,82707,rqdata_pp_standard_1d_20200102_20260711_v2,rqdata_pp_standard_1d_20140228_20260711_v2,2014-02-28,2026-07-10,True,covers_target_canonical_current,
long_horizon_daily_v1,pp,pp.MAIN,1w,would_change,56515,79802,rqdata_pp_standard_1w_20200102_20260711_v2,rqdata_pp_standard_1w_20140228_20260711_v2,2014-02-28,2026-07-10,True,covers_target_canonical_current,
long_horizon_daily_v1,pp_f,pp_f.MAIN,1d,would_change,41185,71679,rqdata_pp_f_standard_1d_20230103_20260707_v2,rqdata_pp_f_standard_1d_20230103_20260712_v2,2025-10-29,2026-07-10,True,covers_target_canonical_current,
long_horizon_daily_v1,pp_f,pp_f.MAIN,1w,would_change,55720,71680,rqdata_pp_f_standard_1w_20230103_20260710_v2,rqdata_pp_f_standard_1w_20230103_20260712_v2,2025-10-31,2026-07-10,True,covers_target_canonical_current,
long_horizon_daily_v1,pr,pr.MAIN,1d,would_change,41190,71682,rqdata_pr_standard_1d_20230103_20260707_v2,rqdata_pr_standard_1d_20230103_20260712_v2,2024-08-30,2026-07-10,True,covers_target_canonical_current,
long_horizon_daily_v1,pr,pr.MAIN,1w,would_change,55721,71683,rqdata_pr_standard_1w_20230103_20260710_v2,rqdata_pr_standard_1w_20230103_20260712_v2,2024-08-30,2026-07-10,True,covers_target_canonical_current,
long_horizon_daily_v1,ps,ps.MAIN,1d,would_change,41191,71685,rqdata_ps_standard_1d_20230103_20260707_v2,rqdata_ps_standard_1d_20230103_20260712_v2,2024-12-26,2026-07-10,True,covers_target_canonical_current,
long_horizon_daily_v1,ps,ps.MAIN,1w,would_change,55722,71686,rqdata_ps_standard_1w_20230103_20260710_v2,rqdata_ps_standard_1w_20230103_20260712_v2,2024-12-27,2026-07-10,True,covers_target_canonical_current,
long_horizon_daily_v1,pt,pt.MAIN,1d,would_change,41192,71688,rqdata_pt_standard_1d_20230103_20260707_v2,rqdata_pt_standard_1d_20230103_20260712_v2,2025-11-27,2026-07-10,True,covers_target_canonical_current,
long_horizon_daily_v1,pt,pt.MAIN,1w,would_change,55723,71689,rqdata_pt_standard_1w_20230103_20260710_v2,rqdata_pt_standard_1w_20230103_20260712_v2,2025-11-28,2026-07-10,True,covers_target_canonical_current,
long_horizon_daily_v1,px,px.MAIN,1d,would_change,41194,71691,rqdata_px_standard_1d_20230103_20260707_v2,rqdata_px_standard_1d_20230103_20260712_v2,2023-09-15,2026-07-10,True,covers_target_canonical_current,
long_horizon_daily_v1,px,px.MAIN,1w,would_change,55724,71692,rqdata_px_standard_1w_20230103_20260710_v2,rqdata_px_standard_1w_20230103_20260712_v2,2023-09-15,2026-07-10,True,covers_target_canonical_current,
long_horizon_daily_v1,rb,rb.MAIN,1d,would_change,56516,82684,rqdata_rb_standard_1d_20200102_20260711_v2,rqdata_rb_standard_1d_20090327_20260711_v2,2009-03-27,2026-07-10,True,covers_target_canonical_current,
long_horizon_daily_v1,rb,rb.MAIN,1w,would_change,56517,79803,rqdata_rb_standard_1w_20200102_20260711_v2,rqdata_rb_standard_1w_20090327_20260711_v2,2009-03-27,2026-07-10,True,covers_target_canonical_current,
long_horizon_daily_v1,rm,rm.MAIN,1d,would_change,56520,82697,rqdata_rm_standard_1d_20200102_20260711_v2,rqdata_rm_standard_1d_20121228_20260711_v2,2012-12-28,2026-07-10,True,covers_target_canonical_current,
long_horizon_daily_v1,rm,rm.MAIN,1w,would_change,56521,79805,rqdata_rm_standard_1w_20200102_20260711_v2,rqdata_rm_standard_1w_20121228_20260711_v2,2012-12-28,2026-07-10,True,covers_target_canonical_current,
long_horizon_daily_v1,rr,rr.MAIN,1d,would_change,56522,82728,rqdata_rr_standard_1d_20200102_20260711_v2,rqdata_rr_standard_1d_20190816_20260711_v2,2019-08-16,2026-07-10,True,covers_target_canonical_current,
long_horizon_daily_v1,rr,rr.MAIN,1w,would_change,56523,79806,rqdata_rr_standard_1w_20200102_20260711_v2,rqdata_rr_standard_1w_20190816_20260711_v2,2019-08-16,2026-07-10,True,covers_target_canonical_current,
long_horizon_daily_v1,ru,ru.MAIN,1d,would_change,56526,82671,rqdata_ru_standard_1d_20200102_20260711_v2,rqdata_ru_standard_1d_20000104_20260711_v2,2000-01-05,2026-07-10,True,covers_target_canonical_current,
long_horizon_daily_v1,ru,ru.MAIN,1w,would_change,56527,82668,rqdata_ru_standard_1w_20200102_20260711_v2,rqdata_ru_standard_1w_20000104_20260711_v2,2000-01-07,2026-07-10,True,covers_target_canonical_current,
long_horizon_daily_v1,sa,sa.MAIN,1d,would_change,56528,82731,rqdata_sa_standard_1d_20200102_20260711_v2,rqdata_sa_standard_1d_20191206_20260711_v2,2019-12-06,2026-07-10,True,covers_target_canonical_current,
long_horizon_daily_v1,sa,sa.MAIN,1w,would_change,56529,79809,rqdata_sa_standard_1w_20200102_20260711_v2,rqdata_sa_standard_1w_20191206_20260711_v2,2019-12-06,2026-07-10,True,covers_target_canonical_current,
long_horizon_daily_v1,sc,sc.MAIN,1d,would_change,56530,82721,rqdata_sc_standard_1d_20200102_20260711_v2,rqdata_sc_standard_1d_20180326_20260711_v2,2018-03-26,2026-07-10,True,covers_target_canonical_current,
long_horizon_daily_v1,sc,sc.MAIN,1w,would_change,56531,79810,rqdata_sc_standard_1w_20200102_20260711_v2,rqdata_sc_standard_1w_20180326_20260711_v2,2018-03-30,2026-07-10,True,covers_target_canonical_current,
long_horizon_daily_v1,sf,sf.MAIN,1d,would_change,56532,82710,rqdata_sf_standard_1d_20200102_20260711_v2,rqdata_sf_standard_1d_20140808_20260711_v2,2014-08-08,2026-07-10,True,covers_target_canonical_current,
long_horizon_daily_v1,sf,sf.MAIN,1w,would_change,56533,79811,rqdata_sf_standard_1w_20200102_20260711_v2,rqdata_sf_standard_1w_20140808_20260711_v2,2014-08-08,2026-07-10,True,covers_target_canonical_current,
long_horizon_daily_v1,sh,sh.MAIN,1d,would_change,41216,71694,rqdata_sh_standard_1d_20230103_20260707_v2,rqdata_sh_standard_1d_20230103_20260712_v2,2023-09-15,2026-07-10,True,covers_target_canonical_current,
long_horizon_daily_v1,sh,sh.MAIN,1w,would_change,55734,71695,rqdata_sh_standard_1w_20230103_20260710_v2,rqdata_sh_standard_1w_20230103_20260712_v2,2023-09-15,2026-07-10,True,covers_target_canonical_current,
long_horizon_daily_v1,si,si.MAIN,1d,unchanged,56534,56534,rqdata_si_standard_1d_20221222_20260711_v2,rqdata_si_standard_1d_20221222_20260711_v2,2022-12-22,2026-07-10,True,covers_target_canonical_current,
long_horizon_daily_v1,si,si.MAIN,1w,unchanged,56535,56535,rqdata_si_standard_1w_20221222_20260711_v2,rqdata_si_standard_1w_20221222_20260711_v2,2022-12-23,2026-07-10,True,covers_target_canonical_current,
long_horizon_daily_v1,sm,sm.MAIN,1d,would_change,56536,82711,rqdata_sm_standard_1d_20200102_20260711_v2,rqdata_sm_standard_1d_20140808_20260711_v2,2014-08-08,2026-07-10,True,covers_target_canonical_current,
long_horizon_daily_v1,sm,sm.MAIN,1w,would_change,56537,79812,rqdata_sm_standard_1w_20200102_20260711_v2,rqdata_sm_standard_1w_20140808_20260711_v2,2014-08-08,2026-07-10,True,covers_target_canonical_current,
long_horizon_daily_v1,sn,sn.MAIN,1d,would_change,56538,82715,rqdata_sn_standard_1d_20200102_20260711_v2,rqdata_sn_standard_1d_20150327_20260711_v2,2015-03-27,2026-07-10,True,covers_target_canonical_current,
long_horizon_daily_v1,sn,sn.MAIN,1w,would_change,56539,79813,rqdata_sn_standard_1w_20200102_20260711_v2,rqdata_sn_standard_1w_20150327_20260711_v2,2015-03-27,2026-07-10,True,covers_target_canonical_current,
long_horizon_daily_v1,sp,sp.MAIN,1d,would_change,56540,82723,rqdata_sp_standard_1d_20200102_20260711_v2,rqdata_sp_standard_1d_20181127_20260711_v2,2018-11-27,2026-07-10,True,covers_target_canonical_current,
long_horizon_daily_v1,sp,sp.MAIN,1w,would_change,56541,79814,rqdata_sp_standard_1w_20200102_20260711_v2,rqdata_sp_standard_1w_20181127_20260711_v2,2018-11-30,2026-07-10,True,covers_target_canonical_current,
long_horizon_daily_v1,sr,sr.MAIN,1d,would_change,56542,82677,rqdata_sr_standard_1d_20200102_20260711_v2,rqdata_sr_standard_1d_20060106_20260711_v2,2006-01-06,2026-07-10,True,covers_target_canonical_current,
long_horizon_daily_v1,sr,sr.MAIN,1w,would_change,56543,79815,rqdata_sr_standard_1w_20200102_20260711_v2,rqdata_sr_standard_1w_20060106_20260711_v2,2006-01-06,2026-07-10,True,covers_target_canonical_current,
long_horizon_daily_v1,ss,ss.MAIN,1d,would_change,56544,82729,rqdata_ss_standard_1d_20200102_20260711_v2,rqdata_ss_standard_1d_20190925_20260711_v2,2019-09-25,2026-07-10,True,covers_target_canonical_current,
long_horizon_daily_v1,ss,ss.MAIN,1w,would_change,56545,79816,rqdata_ss_standard_1w_20200102_20260711_v2,rqdata_ss_standard_1w_20190925_20260711_v2,2019-09-27,2026-07-10,True,covers_target_canonical_current,
long_horizon_daily_v1,t,t.MAIN,1d,would_change,56546,82713,rqdata_t_standard_1d_20200102_20260711_v2,rqdata_t_standard_1d_20150320_20260711_v2,2015-03-20,2026-07-10,True,covers_target_canonical_current,
long_horizon_daily_v1,t,t.MAIN,1w,would_change,56547,79817,rqdata_t_standard_1w_20200102_20260711_v2,rqdata_t_standard_1w_20150320_20260711_v2,2015-03-20,2026-07-10,True,covers_target_canonical_current,
long_horizon_daily_v1,ta,ta.MAIN,1d,would_change,56548,82679,rqdata_ta_standard_1d_20200102_20260711_v2,rqdata_ta_standard_1d_20061218_20260711_v2,2006-12-18,2026-07-10,True,covers_target_canonical_current,
long_horizon_daily_v1,ta,ta.MAIN,1w,would_change,56549,79818,rqdata_ta_standard_1w_20200102_20260711_v2,rqdata_ta_standard_1w_20061218_20260711_v2,2006-12-22,2026-07-10,True,covers_target_canonical_current,
long_horizon_daily_v1,tf,tf.MAIN,1d,would_change,56550,82700,rqdata_tf_standard_1d_20200102_20260711_v2,rqdata_tf_standard_1d_20130906_20260711_v2,2013-09-06,2026-07-10,True,covers_target_canonical_current,
long_horizon_daily_v1,tf,tf.MAIN,1w,would_change,56551,79819,rqdata_tf_standard_1w_20200102_20260711_v2,rqdata_tf_standard_1w_20130906_20260711_v2,2013-09-06,2026-07-10,True,covers_target_canonical_current,
long_horizon_daily_v1,tl,tl.MAIN,1d,would_change,41241,71697,rqdata_tl_standard_1d_20230103_20260707_v2,rqdata_tl_standard_1d_20230103_20260712_v2,2023-04-21,2026-07-10,True,covers_target_canonical_current,
long_horizon_daily_v1,tl,tl.MAIN,1w,would_change,55744,71698,rqdata_tl_standard_1w_20230103_20260710_v2,rqdata_tl_standard_1w_20230103_20260712_v2,2023-04-21,2026-07-10,True,covers_target_canonical_current,
long_horizon_daily_v1,ts,ts.MAIN,1d,would_change,56552,82722,rqdata_ts_standard_1d_20200102_20260711_v2,rqdata_ts_standard_1d_20180817_20260711_v2,2018-08-17,2026-07-10,True,covers_target_canonical_current,
long_horizon_daily_v1,ts,ts.MAIN,1w,would_change,56553,79820,rqdata_ts_standard_1w_20200102_20260711_v2,rqdata_ts_standard_1w_20180817_20260711_v2,2018-08-17,2026-07-10,True,covers_target_canonical_current,
long_horizon_daily_v1,ur,ur.MAIN,1d,would_change,56554,82726,rqdata_ur_standard_1d_20200102_20260711_v2,rqdata_ur_standard_1d_20190809_20260711_v2,2019-08-09,2026-07-10,True,covers_target_canonical_current,
long_horizon_daily_v1,ur,ur.MAIN,1w,would_change,56555,79821,rqdata_ur_standard_1w_20200102_20260711_v2,rqdata_ur_standard_1w_20190809_20260711_v2,2019-08-09,2026-07-10,True,covers_target_canonical_current,
long_horizon_daily_v1,v,v.MAIN,1d,would_change,56556,82686,rqdata_v_standard_1d_20200102_20260711_v2,rqdata_v_standard_1d_20090525_20260711_v2,2009-05-25,2026-07-10,True,covers_target_canonical_current,
long_horizon_daily_v1,v,v.MAIN,1w,would_change,56557,79822,rqdata_v_standard_1w_20200102_20260711_v2,rqdata_v_standard_1w_20090525_20260711_v2,2009-05-27,2026-07-10,True,covers_target_canonical_current,
long_horizon_daily_v1,v_f,v_f.MAIN,1d,would_change,41248,71700,rqdata_v_f_standard_1d_20230103_20260707_v2,rqdata_v_f_standard_1d_20230103_20260712_v2,2025-10-29,2026-07-10,True,covers_target_canonical_current,
long_horizon_daily_v1,v_f,v_f.MAIN,1w,would_change,55748,71701,rqdata_v_f_standard_1w_20230103_20260710_v2,rqdata_v_f_standard_1w_20230103_20260712_v2,2025-10-31,2026-07-10,True,covers_target_canonical_current,
long_horizon_daily_v1,wr,wr.MAIN,1w,would_change,56561,79824,rqdata_wr_standard_1w_20200102_20260711_v2,rqdata_wr_standard_1w_20090327_20260711_v2,2009-03-27,2026-07-10,True,covers_target_canonical_current,
long_horizon_daily_v1,y,y.MAIN,1d,would_change,56562,82678,rqdata_y_standard_1d_20200102_20260711_v2,rqdata_y_standard_1d_20060109_20260711_v2,2006-01-09,2026-07-10,True,covers_target_canonical_current,
long_horizon_daily_v1,y,y.MAIN,1w,would_change,56563,79825,rqdata_y_standard_1w_20200102_20260711_v2,rqdata_y_standard_1w_20060109_20260711_v2,2006-01-13,2026-07-10,True,covers_target_canonical_current,
long_horizon_daily_v1,zc,zc.MAIN,1w,would_change,56565,79826,rqdata_zc_standard_1w_20200102_20260711_v2,rqdata_zc_standard_1w_20150518_20260711_v2,2015-05-22,2026-07-10,True,covers_target_canonical_current,
long_horizon_daily_v1,zn,zn.MAIN,1d,would_change,56566,82680,rqdata_zn_standard_1d_20200102_20260711_v2,rqdata_zn_standard_1d_20070326_20260711_v2,2007-03-26,2026-07-10,True,covers_target_canonical_current,
long_horizon_daily_v1,zn,zn.MAIN,1w,would_change,56567,79827,rqdata_zn_standard_1w_20200102_20260711_v2,rqdata_zn_standard_1w_20070326_20260711_v2,2007-03-30,2026-07-10,True,covers_target_canonical_current,
live_observation_v1,jm,jm.MAIN,15m,would_change,33207,71338,rqdata_jm_standard_15m_20230103_20260707_v2,rqdata_jm_standard_15m_20200102_20260711_v2,2023-01-03,2026-07-10,True,covers_target_canonical_current,
live_observation_v1,jm,jm.MAIN,5m,would_change,33206,71337,rqdata_jm_standard_5m_20230103_20260707_v2,rqdata_jm_standard_5m_20200102_20260711_v2,2023-01-03,2026-07-10,True,covers_target_canonical_current,
